Event ID,Event Type,description,location,source,type,currencyCode,Price ($),url,Distance (km)
438,Festivals,,"-8.210882, 156.996774",MockSource,Festivals,USD,87.47,https://placeholder.url,10.17
700,Festivals,,"62.200756, -164.287053",MockSource,Festivals,USD,65.11,https://placeholder.url,9.65
46,Festivals,,"83.540856, 130.759019",MockSource,Festivals,USD,99.71,https://placeholder.url,1.63
87,Festivals,,"42.232787, -139.512614",MockSource,Festivals,USD,113.49,https://placeholder.url,3.32
327,Charity,,"50.381749, 134.633998",MockSource,Charity,USD,49.51,https://placeholder.url,2.23
8,Holiday,,"-55.136876, -149.671701",MockSource,Holiday,USD,66.67,https://placeholder.url,1.95
84,Pets,,"54.350337, -4.303093",MockSource,Pets,USD,36.28,https://placeholder.url,2.02
773,Film,,"74.749548, 157.905514",MockSource,Film,USD,38.74,https://placeholder.url,7.65
73,Science,,"23.280748, 138.803875",MockSource,Science,USD,39.17,https://placeholder.url,3.05
691,Workshops,,"88.818736, -136.811067",MockSource,Workshops,USD,31.21,https://placeholder.url,6.37
985,Science,,"-6.183013, 54.35776",MockSource,Science,USD,35.51,https://placeholder.url,3.48
950,Wellness,,"-74.04974, -140.261112",MockSource,Wellness,USD,31.17,https://placeholder.url,6.52
462,Workshops,,"-70.973511, 60.366334",MockSource,Workshops,USD,38.64,https://placeholder.url,7.82
575,Sports,,"-87.839834, -81.183808",MockSource,Sports,USD,32.76,https://placeholder.url,14.88
815,Outdoors,,"-4.364215, 144.200935",MockSource,Outdoors,USD,52.3,https://placeholder.url,2.14
439,Science,,"54.397464, -105.450047",MockSource,Science,USD,52.29,https://placeholder.url,1.99
668,Nightlife,,"67.077642, 161.811957",MockSource,Nightlife,USD,39.05,https://placeholder.url,5.82
997,Family,,"-59.789554, -103.069038",MockSource,Family,USD,42.37,https://placeholder.url,13.07
635,Wellness,,"-88.707867, -41.397873",MockSource,Wellness,USD,66.69,https://placeholder.url,16.42
764,Outdoors,,"-71.350612, 175.573949",MockSource,Outdoors,USD,59.84,https://placeholder.url,3.41
444,Family,,"-85.006326, -128.036003",MockSource,Family,USD,38.61,https://placeholder.url,2.19
671,Science,,"79.133034, -172.92497",MockSource,Science,USD,71.3,https://placeholder.url,3.02
399,Wellness,,"10.930732, -117.33215",MockSource,Wellness,USD,63.77,https://placeholder.url,5.2
745,Nightlife,,"25.800546, -104.187534",MockSource,Nightlife,USD,86.0,https://placeholder.url,5.46
734,Film,,"69.375553, 75.628453",MockSource,Film,USD,30.65,https://placeholder.url,2.16
369,Workshops,,"78.931882, 149.309112",MockSource,Workshops,USD,46.42,https://placeholder.url,8.27
261,Holiday,,"-89.589371, -129.202868",MockSource,Holiday,USD,71.03,https://placeholder.url,15.39
472,Nightlife,,"-44.9103, 83.491594",MockSource,Nightlife,USD,88.17,https://placeholder.url,8.35
748,Theater,,"64.293366, 168.285456",MockSource,Theater,USD,52.21,https://placeholder.url,7.17
813,Film,,"-31.658346, -41.351833",MockSource,Film,USD,35.33,https://placeholder.url,10.06
92,Charity,,"48.128983, -125.421667",MockSource,Charity,USD,33.58,https://placeholder.url,0.75
18,Exhibitions,,"68.305781, -98.785908",MockSource,Exhibitions,USD,45.09,https://placeholder.url,13.22
898,Outdoors,,"86.340547, -58.999416",MockSource,Outdoors,USD,35.7,https://placeholder.url,2.02
550,Holiday,,"-6.944647, -14.542484",MockSource,Holiday,USD,68.18,https://placeholder.url,14.41
213,Nightlife,,"39.437838, 165.462843",MockSource,Nightlife,USD,64.53,https://placeholder.url,15.03
906,Charity,,"85.574928, -164.815403",MockSource,Charity,USD,22.0,https://placeholder.url,13.59
53,Pets,,"-25.748341, -37.812339",MockSource,Pets,USD,42.99,https://placeholder.url,5.38
343,Workshops,,"23.556181, -148.015905",MockSource,Workshops,USD,27.22,https://placeholder.url,7.74
360,Community,,"17.853459, -90.393081",MockSource,Community,USD,4.19,https://placeholder.url,2.54
451,Pets,,"-29.899351, -15.00393",MockSource,Pets,USD,28.44,https://placeholder.url,10.62
263,Networking,,"36.069802, -104.803126",MockSource,Networking,USD,73.98,https://placeholder.url,6.19
85,Film,,"35.416674, -154.734052",MockSource,Film,USD,26.09,https://placeholder.url,11.96
859,Outdoors,,"13.728787, 84.433461",MockSource,Outdoors,USD,31.16,https://placeholder.url,17.25
239,Film,,"89.52356, 57.466577",MockSource,Film,USD,25.64,https://placeholder.url,6.97
965,Science,,"-0.529691, -74.300184",MockSource,Science,USD,21.7,https://placeholder.url,2.04
644,Nightlife,,"12.708558, -150.039377",MockSource,Nightlife,USD,22.37,https://placeholder.url,1.13
121,Film,,"80.220368, 67.849667",MockSource,Film,USD,12.81,https://placeholder.url,9.74
595,Workshops,,"-51.193628, 68.363844",MockSource,Workshops,USD,40.01,https://placeholder.url,13.78
533,Sports,,"-56.91974, 69.377704",MockSource,Sports,USD,107.5,https://placeholder.url,4.29
960,Community,,"27.121021, 16.878511",MockSource,Community,USD,16.92,https://placeholder.url,1.34
794,Music,,"86.404714, -105.433624",MockSource,Music,USD,55.95,https://placeholder.url,14.16
953,Nightlife,,"51.085241, 160.936927",MockSource,Nightlife,USD,13.79,https://placeholder.url,9.93
929,Film,,"11.14741, -65.371388",MockSource,Film,USD,9.46,https://placeholder.url,5.9
19,Virtual,,"13.797685, 38.152896",MockSource,Virtual,USD,10.72,https://placeholder.url,6.72
481,Family,,"-74.976791, 108.713492",MockSource,Family,USD,21.34,https://placeholder.url,10.15
553,Theater,,"79.705071, 123.492843",MockSource,Theater,USD,106.5,https://placeholder.url,3.84
835,Film,,"-74.308438, -86.676834",MockSource,Film,USD,16.57,https://placeholder.url,0.14
116,Networking,,"-62.682964, -18.875574",MockSource,Networking,USD,105.35,https://placeholder.url,2.79
618,Virtual,,"-74.260111, -168.784015",MockSource,Virtual,USD,8.11,https://placeholder.url,13.82
754,Gaming,,"89.394025, 16.011377",MockSource,Gaming,USD,35.57,https://placeholder.url,8.95
788,Exhibitions,,"-19.319267, -99.598476",MockSource,Exhibitions,USD,93.37,https://placeholder.url,7.47
517,Festivals,,"31.701357, -90.121441",MockSource,Festivals,USD,95.42,https://placeholder.url,6.49
373,Charity,,"-11.809512, 138.109217",MockSource,Charity,USD,17.82,https://placeholder.url,7.44
883,Exhibitions,,"-44.979468, 129.399785",MockSource,Exhibitions,USD,62.64,https://placeholder.url,8.06
609,Holiday,,"48.353632, -19.52511",MockSource,Holiday,USD,92.85,https://placeholder.url,3.19
909,Community,,"-32.480921, -105.826655",MockSource,Community,USD,9.65,https://placeholder.url,17.8
98,Family,,"60.709792, 149.59279",MockSource,Family,USD,13.7,https://placeholder.url,10.82
663,Holiday,,"-32.669476, -58.505069",MockSource,Holiday,USD,59.5,https://placeholder.url,10.26
868,Charity,,"-55.113227, -169.452568",MockSource,Charity,USD,40.58,https://placeholder.url,2.77
431,Pets,,"71.497769, 69.009035",MockSource,Pets,USD,14.3,https://placeholder.url,6.59
488,Nightlife,,"44.242052, -15.420817",MockSource,Nightlife,USD,60.04,https://placeholder.url,1.3
15,Virtual,,"-72.523341, 72.745639",MockSource,Virtual,USD,43.08,https://placeholder.url,3.13
346,Workshops,,"17.48448, -51.140692",MockSource,Workshops,USD,43.55,https://placeholder.url,9.12
421,Conferences,,"-62.793992, -10.351347",MockSource,Conferences,USD,107.76,https://placeholder.url,11.07
817,Virtual,,"-28.132399, -79.548352",MockSource,Virtual,USD,13.41,https://placeholder.url,12.69
495,Networking,,"67.953104, 135.274811",MockSource,Networking,USD,63.08,https://placeholder.url,2.12
713,Outdoors,,"-26.5412, 90.58491",MockSource,Outdoors,USD,55.41,https://placeholder.url,4.25
673,Gaming,,"-13.445412, -94.519536",MockSource,Gaming,USD,41.72,https://placeholder.url,14.43
142,Gaming,,"-88.015921, 74.238359",MockSource,Gaming,USD,21.68,https://placeholder.url,16.65
273,Community,,"70.355602, -69.110305",MockSource,Community,USD,4.57,https://placeholder.url,16.0
292,Gaming,,"-71.917698, -7.795613",MockSource,Gaming,USD,20.61,https://placeholder.url,0.7
392,Outdoors,,"30.139322, -144.764673",MockSource,Outdoors,USD,47.89,https://placeholder.url,5.26
461,Gaming,,"34.046325, 6.021398",MockSource,Gaming,USD,34.21,https://placeholder.url,10.9
762,Nightlife,,"-77.685418, 99.592185",MockSource,Nightlife,USD,56.82,https://placeholder.url,5.61
930,Science,,"-50.723558, -159.587944",MockSource,Science,USD,51.46,https://placeholder.url,6.19
13,Pets,,"29.469862, 56.840546",MockSource,Pets,USD,10.92,https://placeholder.url,16.76
524,Community,,"28.796394, 81.410194",MockSource,Community,USD,16.07,https://placeholder.url,12.36
812,Charity,,"10.875422, -89.852038",MockSource,Charity,USD,49.69,https://placeholder.url,14.99
190,Music,,"-89.6244, -33.107002",MockSource,Music,USD,20.39,https://placeholder.url,5.17
826,Science,,"-3.799256, 99.673888",MockSource,Science,USD,46.93,https://placeholder.url,14.59
945,Outdoors,,"-9.019221, 94.234928",MockSource,Outdoors,USD,4.85,https://placeholder.url,17.34
743,Theater,,"38.887222, -5.121746",MockSource,Theater,USD,63.44,https://placeholder.url,9.7
178,Outdoors,,"-38.287542, 112.984887",MockSource,Outdoors,USD,52.31,https://placeholder.url,9.84
254,Family,,"82.419903, 15.00966",MockSource,Family,USD,24.72,https://placeholder.url,6.29
714,Virtual,,"16.8545, -160.8809",MockSource,Virtual,USD,35.34,https://placeholder.url,11.52
105,Networking,,"67.874982, 61.504578",MockSource,Networking,USD,54.67,https://placeholder.url,12.0
160,Sports,,"-63.132281, 147.58005",MockSource,Sports,USD,87.44,https://placeholder.url,12.14
790,Holiday,,"45.082858, 75.196849",MockSource,Holiday,USD,38.64,https://placeholder.url,17.04
630,Science,,"-12.63542, 107.138032",MockSource,Science,USD,26.23,https://placeholder.url,1.48
584,Virtual,,"-64.440774, -132.981199",MockSource,Virtual,USD,39.07,https://placeholder.url,13.78
568,Outdoors,,"-22.205564, 3.395925",MockSource,Outdoors,USD,73.02,https://placeholder.url,17.76
86,Festivals,,"-65.757409, -27.078143",MockSource,Festivals,USD,79.73,https://placeholder.url,68.4
128,Exhibitions,,"-40.048289, 109.317645",MockSource,Exhibitions,USD,85.09,https://placeholder.url,17.25
521,Festivals,,"88.688111, 79.759376",MockSource,Festivals,USD,83.91,https://placeholder.url,48.24
527,Festivals,,"-84.775876, 74.06923",MockSource,Festivals,USD,104.21,https://placeholder.url,2.32
334,Music,,"42.775993, -27.745982",MockSource,Music,USD,54.13,https://placeholder.url,16.11
871,Science,,"44.588386, -86.043927",MockSource,Science,USD,49.94,https://placeholder.url,16.35
992,Workshops,,"32.89691, -137.04747",MockSource,Workshops,USD,27.7,https://placeholder.url,9.29
130,Music,,"-88.221005, -71.27616",MockSource,Music,USD,93.12,https://placeholder.url,17.97
156,Nightlife,,"57.954765, -173.410556",MockSource,Nightlife,USD,21.91,https://placeholder.url,10.15
615,Wellness,,"-65.403783, -114.723493",MockSource,Wellness,USD,25.49,https://placeholder.url,15.92
987,Pets,,"12.178761, -78.985826",MockSource,Pets,USD,0.57,https://placeholder.url,14.37
807,Festivals,,"-42.241502, -41.855499",MockSource,Festivals,USD,185.15,https://placeholder.url,7.17
665,Virtual,,"37.682045, -176.51415",MockSource,Virtual,USD,4.48,https://placeholder.url,10.56
89,Festivals,,"30.241541, 57.808726",MockSource,Festivals,USD,67.45,https://placeholder.url,32.16
586,Virtual,,"-23.343865, 13.139531",MockSource,Virtual,USD,12.33,https://placeholder.url,1.48
430,Nightlife,,"-12.815119, -89.918824",MockSource,Nightlife,USD,12.99,https://placeholder.url,10.18
1000,Sports,,"-60.35782, 118.568475",MockSource,Sports,USD,131.57,https://placeholder.url,16.04
908,Networking,,"-89.732586, -75.78007",MockSource,Networking,USD,131.01,https://placeholder.url,15.99
232,Workshops,,"-21.596203, 118.207122",MockSource,Workshops,USD,11.24,https://placeholder.url,16.2
100,Charity,,"-5.587023, -128.574606",MockSource,Charity,USD,4.9,https://placeholder.url,13.95
647,Festivals,,"-68.858652, 40.631762",MockSource,Festivals,USD,121.25,https://placeholder.url,26.69
701,Music,,"25.963889, 40.798661",MockSource,Music,USD,135.65,https://placeholder.url,17.31
269,Festivals,,"50.306747, -81.302949",MockSource,Festivals,USD,168.85,https://placeholder.url,13.45
17,Pets,,"72.202782, -70.931169",MockSource,Pets,USD,7.82,https://placeholder.url,12.89
167,Music,,"-26.558987, 176.609473",MockSource,Music,USD,78.0,https://placeholder.url,19.74
339,Outdoors,,"28.354279, -126.774166",MockSource,Outdoors,USD,54.38,https://placeholder.url,21.43
649,Community,,"-65.19816, -137.482271",MockSource,Community,USD,1.85,https://placeholder.url,15.17
799,Science,,"76.663821, -135.283749",MockSource,Science,USD,89.03,https://placeholder.url,21.66
414,Music,,"-76.747677, 16.762187",MockSource,Music,USD,111.84,https://placeholder.url,6.61
316,Festivals,,"43.533559, 27.272074",MockSource,Festivals,USD,113.22,https://placeholder.url,84.04
847,Networking,,"53.547311, -176.760079",MockSource,Networking,USD,32.65,https://placeholder.url,24.03
873,Family,,"-30.224324, 4.420697",MockSource,Family,USD,9.3,https://placeholder.url,7.85
266,Science,,"49.206919, -171.322486",MockSource,Science,USD,73.84,https://placeholder.url,18.66
843,Festivals,,"10.849902, -155.252761",MockSource,Festivals,USD,78.45,https://placeholder.url,33.63
169,Workshops,,"59.999818, -146.44742",MockSource,Workshops,USD,10.07,https://placeholder.url,8.12
958,Film,,"-38.875428, -0.798226",MockSource,Film,USD,32.91,https://placeholder.url,22.11
10,Science,,"-29.812189, 166.316966",MockSource,Science,USD,58.23,https://placeholder.url,18.98
375,Festivals,,"9.703775, -143.818311",MockSource,Festivals,USD,110.71,https://placeholder.url,26.3
741,Pets,,"-87.169845, -47.052863",MockSource,Pets,USD,41.56,https://placeholder.url,7.79
91,Exhibitions,,"30.407587, -131.389981",MockSource,Exhibitions,USD,16.58,https://placeholder.url,12.73
158,Theater,,"-85.762962, -88.717972",MockSource,Theater,USD,105.46,https://placeholder.url,15.76
139,Nightlife,,"2.032032, 37.194593",MockSource,Nightlife,USD,49.01,https://placeholder.url,6.36
899,Sports,,"8.103395, 109.9466",MockSource,Sports,USD,121.29,https://placeholder.url,16.56
489,Festivals,,"74.049613, 159.592476",MockSource,Festivals,USD,118.89,https://placeholder.url,41.02
604,Festivals,,"30.650141, 23.290378",MockSource,Festivals,USD,123.96,https://placeholder.url,53.03
322,Music,,"48.047657, -94.572157",MockSource,Music,USD,99.88,https://placeholder.url,21.44
127,Festivals,,"9.349766, -112.146663",MockSource,Festivals,USD,113.12,https://placeholder.url,39.73
64,Festivals,,"8.783484, -18.227849",MockSource,Festivals,USD,75.68,https://placeholder.url,96.85
869,Family,,"-15.859508, 68.718969",MockSource,Family,USD,41.03,https://placeholder.url,26.1
861,Charity,,"-57.317033, -152.163377",MockSource,Charity,USD,18.85,https://placeholder.url,16.01
557,Wellness,,"47.42663, -93.970233",MockSource,Wellness,USD,52.75,https://placeholder.url,4.31
448,Exhibitions,,"-84.364677, 87.997753",MockSource,Exhibitions,USD,91.31,https://placeholder.url,22.0
480,Networking,,"-44.995189, 115.111936",MockSource,Networking,USD,90.51,https://placeholder.url,25.35
927,Science,,"58.430719, 119.458522",MockSource,Science,USD,20.95,https://placeholder.url,16.9
917,Sports,,"-20.070031, -137.969283",MockSource,Sports,USD,46.06,https://placeholder.url,27.84
629,Festivals,,"-37.241649, 120.408919",MockSource,Festivals,USD,77.24,https://placeholder.url,33.01
669,Festivals,,"12.795302, 152.732749",MockSource,Festivals,USD,98.9,https://placeholder.url,35.4
132,Festivals,,"-23.070937, -139.713384",MockSource,Festivals,USD,68.57,https://placeholder.url,73.83
774,Gaming,,"-81.128582, -86.063218",MockSource,Gaming,USD,49.18,https://placeholder.url,8.04
482,Science,,"-2.192538, -4.714964",MockSource,Science,USD,93.95,https://placeholder.url,25.52
798,Theater,,"44.543685, 144.467263",MockSource,Theater,USD,144.73,https://placeholder.url,3.95
97,Workshops,,"4.623756, 142.390459",MockSource,Workshops,USD,37.46,https://placeholder.url,24.13
783,Pets,,"57.323793, -128.178092",MockSource,Pets,USD,48.11,https://placeholder.url,25.6
791,Festivals,,"25.086499, -166.589372",MockSource,Festivals,USD,88.11,https://placeholder.url,44.8
571,Theater,,"33.764133, -70.344586",MockSource,Theater,USD,50.2,https://placeholder.url,24.53
247,Networking,,"84.495332, -125.192626",MockSource,Networking,USD,28.33,https://placeholder.url,10.74
768,Gaming,,"23.59296, 28.793527",MockSource,Gaming,USD,28.9,https://placeholder.url,26.34
632,Festivals,,"16.543054, 170.794813",MockSource,Festivals,USD,99.64,https://placeholder.url,32.72
278,Festivals,,"-64.116484, 170.437425",MockSource,Festivals,USD,83.46,https://placeholder.url,48.01
968,Theater,,"19.945809, 79.249797",MockSource,Theater,USD,139.59,https://placeholder.url,8.02
259,Outdoors,,"80.295116, 71.954147",MockSource,Outdoors,USD,80.49,https://placeholder.url,28.91
363,Outdoors,,"6.446306, -22.234195",MockSource,Outdoors,USD,48.78,https://placeholder.url,28.94
483,Outdoors,,"-29.432906, 91.520738",MockSource,Outdoors,USD,76.64,https://placeholder.url,25.26
437,Networking,,"-39.442747, 13.970608",MockSource,Networking,USD,148.9,https://placeholder.url,14.67
478,Holiday,,"-59.832195, 15.660419",MockSource,Holiday,USD,95.6,https://placeholder.url,4.39
914,Festivals,,"-77.128099, 127.369737",MockSource,Festivals,USD,60.71,https://placeholder.url,89.31
613,Festivals,,"70.947889, -142.410464",MockSource,Festivals,USD,80.6,https://placeholder.url,48.12
149,Family,,"-68.436668, 57.211399",MockSource,Family,USD,27.88,https://placeholder.url,0.39
374,Virtual,,"55.135454, -110.509174",MockSource,Virtual,USD,0.53,https://placeholder.url,0.99
136,Festivals,,"-19.489912, 176.500544",MockSource,Festivals,USD,118.72,https://placeholder.url,1.82
924,Festivals,,"-16.442698, -66.574887",MockSource,Festivals,USD,136.99,https://placeholder.url,35.58
880,Pets,,"67.632995, 115.290812",MockSource,Pets,USD,24.79,https://placeholder.url,27.32
313,Workshops,,"-75.120658, -54.053247",MockSource,Workshops,USD,37.94,https://placeholder.url,1.67
79,Science,,"-47.520857, 151.844204",MockSource,Science,USD,59.14,https://placeholder.url,26.04
20,Wellness,,"63.939017, 100.385731",MockSource,Wellness,USD,65.14,https://placeholder.url,29.41
120,Science,,"45.67468, -44.687887",MockSource,Science,USD,76.31,https://placeholder.url,20.1
720,Holiday,,"11.022979, 43.369695",MockSource,Holiday,USD,0.09,https://placeholder.url,21.17
507,Gaming,,"-65.799958, -39.599353",MockSource,Gaming,USD,38.72,https://placeholder.url,12.93
603,Festivals,,"-55.275817, -159.994822",MockSource,Festivals,USD,148.51,https://placeholder.url,41.23
955,Family,,"-48.816208, 8.233499",MockSource,Family,USD,11.3,https://placeholder.url,22.41
708,Community,,"74.42832, -129.05614",MockSource,Community,USD,3.61,https://placeholder.url,2.71
218,Virtual,,"2.527891, 26.858511",MockSource,Virtual,USD,47.36,https://placeholder.url,19.4
831,Workshops,,"26.953185, 12.950226",MockSource,Workshops,USD,44.45,https://placeholder.url,22.27
833,Outdoors,,"46.059856, 177.466342",MockSource,Outdoors,USD,84.8,https://placeholder.url,19.57
775,Holiday,,"-10.323641, 146.555612",MockSource,Holiday,USD,75.7,https://placeholder.url,27.39
175,Nightlife,,"60.982181, 160.692239",MockSource,Nightlife,USD,57.5,https://placeholder.url,5.03
391,Exhibitions,,"35.246089, 86.774657",MockSource,Exhibitions,USD,7.01,https://placeholder.url,22.2
828,Family,,"-11.140921, 119.076903",MockSource,Family,USD,1.65,https://placeholder.url,2.6
330,Family,,"-48.324808, 149.642685",MockSource,Family,USD,22.55,https://placeholder.url,9.81
994,Holiday,,"4.525889, 59.098425",MockSource,Holiday,USD,33.32,https://placeholder.url,26.39
887,Family,,"-76.886088, 38.971079",MockSource,Family,USD,63.06,https://placeholder.url,24.51
303,Pets,,"23.900737, -23.805902",MockSource,Pets,USD,12.19,https://placeholder.url,12.5
520,Holiday,,"-10.090354, -134.883347",MockSource,Holiday,USD,39.1,https://placeholder.url,22.46
194,Festivals,,"43.86624, 17.725748",MockSource,Festivals,USD,100.13,https://placeholder.url,97.82
456,Charity,,"37.11777, 146.451791",MockSource,Charity,USD,23.47,https://placeholder.url,20.13
638,Workshops,,"57.415887, -92.301913",MockSource,Workshops,USD,32.65,https://placeholder.url,24.4
703,Virtual,,"-44.136913, -127.310429",MockSource,Virtual,USD,21.26,https://placeholder.url,26.81
65,Outdoors,,"-38.664926, 179.170898",MockSource,Outdoors,USD,78.84,https://placeholder.url,27.3
562,Wellness,,"-4.460535, -114.429596",MockSource,Wellness,USD,60.8,https://placeholder.url,51.62
540,Music,,"-75.403891, 97.955529",MockSource,Music,USD,70.66,https://placeholder.url,48.59
938,Science,,"52.004018, -103.757444",MockSource,Science,USD,75.14,https://placeholder.url,75.26
778,Networking,,"61.424729, 38.605484",MockSource,Networking,USD,70.43,https://placeholder.url,69.58
412,Exhibitions,,"38.52609, -164.849658",MockSource,Exhibitions,USD,53.98,https://placeholder.url,68.34
901,Outdoors,,"-41.745037, -73.069417",MockSource,Outdoors,USD,34.16,https://placeholder.url,33.84
685,Family,,"62.299875, -24.526791",MockSource,Family,USD,77.25,https://placeholder.url,33.68
474,Virtual,,"72.190661, -35.226788",MockSource,Virtual,USD,46.96,https://placeholder.url,42.5
596,Sports,,"-74.305528, -155.306128",MockSource,Sports,USD,48.08,https://placeholder.url,97.16
680,Gaming,,"-45.44481, -73.382784",MockSource,Gaming,USD,49.2,https://placeholder.url,2.87
249,Wellness,,"-35.544576, -73.958615",MockSource,Wellness,USD,46.21,https://placeholder.url,55.86
534,Family,,"-36.172123, 156.271002",MockSource,Family,USD,66.11,https://placeholder.url,65.46
877,Science,,"22.298831, -79.485895",MockSource,Science,USD,72.06,https://placeholder.url,69.2
486,Music,,"46.748694, -127.474776",MockSource,Music,USD,68.69,https://placeholder.url,55.92
214,Science,,"77.680014, -9.978794",MockSource,Science,USD,82.16,https://placeholder.url,41.86
687,Gaming,,"23.622999, 167.39206",MockSource,Gaming,USD,48.09,https://placeholder.url,9.82
276,Wellness,,"70.172847, -122.456985",MockSource,Wellness,USD,58.92,https://placeholder.url,83.3
312,Pets,,"-63.333191, -157.154355",MockSource,Pets,USD,45.33,https://placeholder.url,30.03
867,Gaming,,"12.590076, -54.427134",MockSource,Gaming,USD,40.25,https://placeholder.url,97.06
529,Workshops,,"-56.904829, 66.205426",MockSource,Workshops,USD,11.59,https://placeholder.url,26.66
702,Sports,,"86.527358, -155.306868",MockSource,Sports,USD,63.92,https://placeholder.url,43.97
4,Exhibitions,,"-6.936548, 49.921269",MockSource,Exhibitions,USD,26.74,https://placeholder.url,21.19
612,Family,,"61.321081, 30.625928",MockSource,Family,USD,69.19,https://placeholder.url,46.91
441,Film,,"-51.958267, 141.952716",MockSource,Film,USD,10.53,https://placeholder.url,27.04
636,Festivals,,"23.376869, 27.46662",MockSource,Festivals,USD,190.85,https://placeholder.url,22.52
289,Sports,,"-8.316813, -81.796775",MockSource,Sports,USD,56.31,https://placeholder.url,31.17
616,Holiday,,"-23.355647, 141.33913",MockSource,Holiday,USD,64.06,https://placeholder.url,86.1
275,Family,,"5.590966, -155.71879",MockSource,Family,USD,75.62,https://placeholder.url,98.46
667,Networking,,"-10.685758, 169.874846",MockSource,Networking,USD,77.28,https://placeholder.url,68.79
425,Music,,"-87.352261, 14.712198",MockSource,Music,USD,91.56,https://placeholder.url,51.52
251,Charity,,"-11.64808, 29.774404",MockSource,Charity,USD,41.55,https://placeholder.url,42.47
695,Wellness,,"43.835133, 27.77928",MockSource,Wellness,USD,59.56,https://placeholder.url,81.68
36,Film,,"-57.983844, 50.941534",MockSource,Film,USD,31.63,https://placeholder.url,56.86
921,Nightlife,,"-68.388946, -78.193616",MockSource,Nightlife,USD,41.44,https://placeholder.url,49.19
101,Holiday,,"-44.876056, 40.005713",MockSource,Holiday,USD,45.63,https://placeholder.url,55.94
770,Wellness,,"-10.004859, -173.560373",MockSource,Wellness,USD,41.51,https://placeholder.url,33.12
876,Exhibitions,,"-25.600641, 66.347891",MockSource,Exhibitions,USD,44.2,https://placeholder.url,69.3
185,Gaming,,"-24.839427, 179.100018",MockSource,Gaming,USD,30.33,https://placeholder.url,22.11
556,Nightlife,,"75.531522, -64.198536",MockSource,Nightlife,USD,91.86,https://placeholder.url,30.33
400,Gaming,,"-57.721749, 44.163796",MockSource,Gaming,USD,49.45,https://placeholder.url,96.66
248,Science,,"67.845845, 44.886917",MockSource,Science,USD,47.33,https://placeholder.url,62.18
759,Outdoors,,"64.397491, 23.146202",MockSource,Outdoors,USD,97.04,https://placeholder.url,67.21
23,Networking,,"16.704245, 83.059238",MockSource,Networking,USD,46.26,https://placeholder.url,90.79
28,Outdoors,,"13.577461, 124.723856",MockSource,Outdoors,USD,81.38,https://placeholder.url,53.19
129,Outdoors,,"82.484853, -96.36672",MockSource,Outdoors,USD,52.35,https://placeholder.url,88.26
212,Wellness,,"10.57874, -23.583738",MockSource,Wellness,USD,46.76,https://placeholder.url,27.23
351,Theater,,"86.778082, 123.160043",MockSource,Theater,USD,106.88,https://placeholder.url,3.6
886,Festivals,,"-69.446939, -23.426601",MockSource,Festivals,USD,87.59,https://placeholder.url,23.01
509,Holiday,,"72.906422, -68.50962",MockSource,Holiday,USD,75.79,https://placeholder.url,72.71
157,Gaming,,"70.852559, -45.014645",MockSource,Gaming,USD,12.96,https://placeholder.url,18.54
956,Exhibitions,,"19.202605, -157.385294",MockSource,Exhibitions,USD,72.8,https://placeholder.url,36.09
885,Exhibitions,,"-47.923908, -179.165419",MockSource,Exhibitions,USD,99.52,https://placeholder.url,34.78
304,Science,,"89.051614, -32.18234",MockSource,Science,USD,21.12,https://placeholder.url,18.62
699,Nightlife,,"-2.911898, -150.120343",MockSource,Nightlife,USD,62.76,https://placeholder.url,29.12
237,Wellness,,"24.689874, -145.673751",MockSource,Wellness,USD,79.18,https://placeholder.url,30.81
411,Science,,"47.742672, -151.238044",MockSource,Science,USD,71.77,https://placeholder.url,68.46
989,Nightlife,,"25.425192, -134.605761",MockSource,Nightlife,USD,72.41,https://placeholder.url,33.02
537,Film,,"-52.785181, -22.760034",MockSource,Film,USD,38.83,https://placeholder.url,27.98
627,Nightlife,,"-42.342993, 172.151606",MockSource,Nightlife,USD,67.15,https://placeholder.url,60.39
932,Holiday,,"-20.080716, 43.222434",MockSource,Holiday,USD,67.58,https://placeholder.url,28.17
760,Virtual,,"-56.654197, -25.858218",MockSource,Virtual,USD,34.92,https://placeholder.url,62.98
844,Workshops,,"-24.942738, -51.169112",MockSource,Workshops,USD,32.44,https://placeholder.url,42.52
370,Exhibitions,,"-23.42826, 64.124846",MockSource,Exhibitions,USD,67.55,https://placeholder.url,40.6
134,Holiday,,"79.675469, 29.767386",MockSource,Holiday,USD,12.81,https://placeholder.url,19.23
829,Family,,"59.639708, -114.261694",MockSource,Family,USD,28.07,https://placeholder.url,30.78
181,Workshops,,"-58.613009, -171.35843",MockSource,Workshops,USD,45.95,https://placeholder.url,81.45
108,Workshops,,"59.800657, -135.208992",MockSource,Workshops,USD,35.79,https://placeholder.url,39.26
209,Outdoors,,"-53.729924, -179.557426",MockSource,Outdoors,USD,32.49,https://placeholder.url,74.85
610,Sports,,"15.132976, 5.919544",MockSource,Sports,USD,73.31,https://placeholder.url,42.64
979,Charity,,"24.989932, 150.572668",MockSource,Charity,USD,32.61,https://placeholder.url,55.0
866,Virtual,,"-60.7195, 80.531892",MockSource,Virtual,USD,33.95,https://placeholder.url,88.19
99,Music,,"-76.785988, 11.658289",MockSource,Music,USD,86.32,https://placeholder.url,84.8
285,Film,,"34.169224, 176.008582",MockSource,Film,USD,35.38,https://placeholder.url,89.67
405,Outdoors,,"31.524331, 11.028513",MockSource,Outdoors,USD,33.4,https://placeholder.url,98.07
460,Exhibitions,,"55.433141, -154.426903",MockSource,Exhibitions,USD,22.3,https://placeholder.url,91.21
308,Gaming,,"61.41612, 50.912429",MockSource,Gaming,USD,46.92,https://placeholder.url,60.59
514,Gaming,,"-87.885003, 75.141228",MockSource,Gaming,USD,38.27,https://placeholder.url,33.53
241,Nightlife,,"35.808064, 150.279001",MockSource,Nightlife,USD,50.96,https://placeholder.url,33.0
836,Outdoors,,"44.060692, -86.263726",MockSource,Outdoors,USD,26.22,https://placeholder.url,30.01
219,Music,,"34.902325, -56.789664",MockSource,Music,USD,38.96,https://placeholder.url,84.06
777,Charity,,"-85.505156, 30.126082",MockSource,Charity,USD,33.17,https://placeholder.url,65.69
207,Virtual,,"23.803158, -112.732944",MockSource,Virtual,USD,34.55,https://placeholder.url,82.99
144,Virtual,,"77.193241, 8.241224",MockSource,Virtual,USD,33.23,https://placeholder.url,46.58
359,Family,,"28.913169, 33.642256",MockSource,Family,USD,22.25,https://placeholder.url,44.01
600,Holiday,,"-48.89605, -32.995295",MockSource,Holiday,USD,59.63,https://placeholder.url,80.01
40,Outdoors,,"31.932002, 152.712638",MockSource,Outdoors,USD,43.19,https://placeholder.url,31.17
233,Outdoors,,"87.986542, -159.320928",MockSource,Outdoors,USD,71.19,https://placeholder.url,97.03
611,Gaming,,"86.835177, -140.931122",MockSource,Gaming,USD,13.84,https://placeholder.url,20.82
832,Festivals,,"-55.584581, -145.617119",MockSource,Festivals,USD,198.35,https://placeholder.url,25.38
570,Wellness,,"-22.633049, -56.683054",MockSource,Wellness,USD,56.5,https://placeholder.url,36.32
246,Nightlife,,"-45.642853, -139.255009",MockSource,Nightlife,USD,80.68,https://placeholder.url,43.49
106,Wellness,,"30.08029, 105.770347",MockSource,Wellness,USD,24.83,https://placeholder.url,56.51
948,Virtual,,"-72.050242, -78.719718",MockSource,Virtual,USD,42.53,https://placeholder.url,35.63
38,Workshops,,"77.418497, -147.296268",MockSource,Workshops,USD,47.51,https://placeholder.url,86.23
751,Sports,,"70.45916, -84.48019",MockSource,Sports,USD,52.31,https://placeholder.url,59.27
657,Sports,,"82.027119, -103.236358",MockSource,Sports,USD,69.67,https://placeholder.url,61.31
793,Science,,"4.208618, -24.288903",MockSource,Science,USD,39.14,https://placeholder.url,56.76
5,Nightlife,,"87.394589, -19.212636",MockSource,Nightlife,USD,81.57,https://placeholder.url,66.09
224,Outdoors,,"68.260223, -90.054516",MockSource,Outdoors,USD,55.36,https://placeholder.url,5.17
146,Nightlife,,"81.256605, -159.095446",MockSource,Nightlife,USD,51.67,https://placeholder.url,53.61
30,Networking,,"-42.10713, 104.446495",MockSource,Networking,USD,49.94,https://placeholder.url,39.03
936,Family,,"66.81078, -171.579921",MockSource,Family,USD,53.93,https://placeholder.url,41.15
626,Community,,"-82.29271, -96.103983",MockSource,Community,USD,2.89,https://placeholder.url,21.72
42,Nightlife,,"57.491507, -151.162218",MockSource,Nightlife,USD,24.41,https://placeholder.url,36.21
525,Workshops,,"18.112084, 147.579493",MockSource,Workshops,USD,35.28,https://placeholder.url,6.08
498,Outdoors,,"23.750624, -39.238416",MockSource,Outdoors,USD,31.39,https://placeholder.url,67.63
944,Theater,,"-22.880813, -76.397754",MockSource,Theater,USD,43.91,https://placeholder.url,77.34
347,Networking,,"-81.914942, -173.973864",MockSource,Networking,USD,88.41,https://placeholder.url,97.16
77,Family,,"-27.605138, -156.78712",MockSource,Family,USD,26.24,https://placeholder.url,51.42
583,Nightlife,,"41.758947, 178.912561",MockSource,Nightlife,USD,28.63,https://placeholder.url,93.99
467,Pets,,"39.871358, -35.04902",MockSource,Pets,USD,22.66,https://placeholder.url,74.5
931,Pets,,"32.103829, 139.005925",MockSource,Pets,USD,41.04,https://placeholder.url,14.11
963,Family,,"-81.909915, 87.161854",MockSource,Family,USD,48.05,https://placeholder.url,79.0
558,Pets,,"11.297301, -74.826099",MockSource,Pets,USD,42.95,https://placeholder.url,82.38
967,Holiday,,"2.558024, 5.227439",MockSource,Holiday,USD,79.05,https://placeholder.url,80.84
324,Networking,,"29.950516, 128.218053",MockSource,Networking,USD,57.28,https://placeholder.url,9.28
281,Nightlife,,"10.110894, 12.38487",MockSource,Nightlife,USD,81.09,https://placeholder.url,76.35
655,Outdoors,,"77.384615, 150.197248",MockSource,Outdoors,USD,43.38,https://placeholder.url,93.92
725,Wellness,,"21.132019, 9.274067",MockSource,Wellness,USD,44.61,https://placeholder.url,89.88
706,Music,,"80.198943, 144.328089",MockSource,Music,USD,25.89,https://placeholder.url,69.13
47,Music,,"-56.956789, 133.784874",MockSource,Music,USD,88.02,https://placeholder.url,14.82
240,Film,,"66.751408, -76.644599",MockSource,Film,USD,25.78,https://placeholder.url,63.03
115,Science,,"14.272036, 92.96543",MockSource,Science,USD,63.93,https://placeholder.url,79.32
937,Outdoors,,"2.550099, -152.243776",MockSource,Outdoors,USD,88.09,https://placeholder.url,76.67
739,Virtual,,"66.380283, -73.00457",MockSource,Virtual,USD,33.26,https://placeholder.url,34.17
519,Science,,"-7.568283, -118.443576",MockSource,Science,USD,96.48,https://placeholder.url,43.73
820,Charity,,"52.730938, -121.024596",MockSource,Charity,USD,31.04,https://placeholder.url,30.19
842,Community,,"-14.719614, -71.385686",MockSource,Community,USD,19.72,https://placeholder.url,40.68
619,Workshops,,"-43.422968, 62.526927",MockSource,Workshops,USD,17.93,https://placeholder.url,95.03
679,Networking,,"-55.825873, 33.275268",MockSource,Networking,USD,104.17,https://placeholder.url,34.41
404,Community,,"53.588988, 22.846312",MockSource,Community,USD,16.41,https://placeholder.url,36.21
320,Charity,,"88.564424, 108.53998",MockSource,Charity,USD,26.72,https://placeholder.url,56.15
419,Community,,"-86.894469, 34.024202",MockSource,Community,USD,5.52,https://placeholder.url,59.79
923,Workshops,,"73.572838, -66.880394",MockSource,Workshops,USD,49.74,https://placeholder.url,21.52
808,Virtual,,"43.288881, -173.847398",MockSource,Virtual,USD,13.59,https://placeholder.url,50.09
875,Conferences,,"-42.532215, -56.557714",MockSource,Conferences,USD,112.79,https://placeholder.url,24.69
95,Charity,,"60.344742, -50.652632",MockSource,Charity,USD,22.23,https://placeholder.url,2.92
805,Outdoors,,"26.684518, 140.16487",MockSource,Outdoors,USD,53.05,https://placeholder.url,79.53
122,Workshops,,"-85.205609, 108.991187",MockSource,Workshops,USD,24.37,https://placeholder.url,44.69
151,Theater,,"5.637462, -179.721344",MockSource,Theater,USD,121.73,https://placeholder.url,49.91
735,Gaming,,"-2.782506, -138.353801",MockSource,Gaming,USD,27.59,https://placeholder.url,33.9
294,Science,,"-68.54086, 114.354541",MockSource,Science,USD,36.2,https://placeholder.url,17.16
141,Family,,"80.147093, 131.096513",MockSource,Family,USD,73.93,https://placeholder.url,89.52
96,Charity,,"44.855303, 141.046668",MockSource,Charity,USD,11.89,https://placeholder.url,67.34
68,Film,,"35.167041, -167.773285",MockSource,Film,USD,26.36,https://placeholder.url,49.42
309,Workshops,,"-33.066956, 4.814384",MockSource,Workshops,USD,48.53,https://placeholder.url,87.91
758,Virtual,,"31.185389, -27.232057",MockSource,Virtual,USD,7.15,https://placeholder.url,90.16
502,Conferences,,"-71.814848, 80.667",MockSource,Conferences,USD,173.51,https://placeholder.url,3.1
361,Workshops,,"-80.191913, -128.798197",MockSource,Workshops,USD,30.39,https://placeholder.url,92.4
800,Workshops,,"-22.578982, 100.092115",MockSource,Workshops,USD,28.01,https://placeholder.url,74.02
335,Networking,,"28.021441, 33.447117",MockSource,Networking,USD,12.15,https://placeholder.url,79.37
397,Community,,"12.544292, 132.0956",MockSource,Community,USD,17.23,https://placeholder.url,55.88
564,Music,,"-73.022141, -15.747258",MockSource,Music,USD,119.44,https://placeholder.url,85.6
998,Festivals,,"-66.4845, -7.874607",MockSource,Festivals,USD,193.97,https://placeholder.url,22.12
161,Theater,,"31.220417, -76.837579",MockSource,Theater,USD,120.83,https://placeholder.url,94.14
192,Wellness,,"25.435531, 167.235283",MockSource,Wellness,USD,17.23,https://placeholder.url,87.54
172,Virtual,,"69.126654, -57.565792",MockSource,Virtual,USD,11.84,https://placeholder.url,80.38
698,Community,,"-0.166094, 127.98552",MockSource,Community,USD,4.55,https://placeholder.url,30.13
824,Theater,,"-54.004091, 105.734247",MockSource,Theater,USD,116.46,https://placeholder.url,45.59
255,Virtual,,"-29.94574, 3.76749",MockSource,Virtual,USD,2.24,https://placeholder.url,15.22
879,Community,,"-64.114737, -171.342034",MockSource,Community,USD,11.38,https://placeholder.url,67.79
999,Pets,,"-56.055541, -105.573088",MockSource,Pets,USD,13.01,https://placeholder.url,44.47
935,Outdoors,,"82.841503, -84.020641",MockSource,Outdoors,USD,2.04,https://placeholder.url,96.81
257,Community,,"33.33437, -119.754276",MockSource,Community,USD,17.98,https://placeholder.url,55.2
310,Workshops,,"32.924023, -80.749398",MockSource,Workshops,USD,13.42,https://placeholder.url,84.74
784,Exhibitions,,"-68.279701, -74.506188",MockSource,Exhibitions,USD,0.73,https://placeholder.url,69.45
287,Wellness,,"56.213735, 169.304225",MockSource,Wellness,USD,11.6,https://placeholder.url,69.16
274,Networking,,"-51.731373, -102.360082",MockSource,Networking,USD,29.36,https://placeholder.url,83.74
357,Music,,"-81.405786, -108.897414",MockSource,Music,USD,29.34,https://placeholder.url,33.72
732,Holiday,,"80.175629, 115.162109",MockSource,Holiday,USD,11.72,https://placeholder.url,69.0
620,Wellness,,"-27.790522, 24.757417",MockSource,Wellness,USD,18.6,https://placeholder.url,27.08
150,Outdoors,,"-65.103267, 155.522094",MockSource,Outdoors,USD,94.78,https://placeholder.url,20.13
238,Theater,,"-74.033936, -120.073565",MockSource,Theater,USD,121.69,https://placeholder.url,32.39
688,Charity,,"-76.976132, -158.844821",MockSource,Charity,USD,43.24,https://placeholder.url,51.86
733,Gaming,,"14.956951, 89.90289",MockSource,Gaming,USD,16.51,https://placeholder.url,31.96
443,Music,,"24.127054, 98.7868",MockSource,Music,USD,121.99,https://placeholder.url,71.94
148,Virtual,,"-8.283306, -63.396317",MockSource,Virtual,USD,19.95,https://placeholder.url,62.36
890,Film,,"-85.624605, -177.895098",MockSource,Film,USD,18.07,https://placeholder.url,20.25
329,Charity,,"35.081446, 88.125571",MockSource,Charity,USD,47.07,https://placeholder.url,12.35
705,Workshops,,"-74.073326, -2.19024",MockSource,Workshops,USD,42.44,https://placeholder.url,21.23
816,Family,,"-45.069176, -136.070328",MockSource,Family,USD,2.16,https://placeholder.url,29.25
260,Conferences,,"-84.677338, 75.64471",MockSource,Conferences,USD,152.45,https://placeholder.url,14.74
27,Workshops,,"41.580698, -60.173952",MockSource,Workshops,USD,42.86,https://placeholder.url,66.83
415,Exhibitions,,"8.808536, -33.612869",MockSource,Exhibitions,USD,92.59,https://placeholder.url,81.5
765,Conferences,,"64.063492, 111.799007",MockSource,Conferences,USD,472.48,https://placeholder.url,11.23
124,Exhibitions,,"41.90513, -102.011155",MockSource,Exhibitions,USD,15.75,https://placeholder.url,28.03
229,Virtual,,"14.699811, 51.797414",MockSource,Virtual,USD,12.43,https://placeholder.url,17.64
959,Exhibitions,,"-78.187774, -96.624208",MockSource,Exhibitions,USD,8.6,https://placeholder.url,94.74
466,Workshops,,"70.471467, -173.765772",MockSource,Workshops,USD,13.64,https://placeholder.url,95.45
491,Theater,,"83.023365, 137.904741",MockSource,Theater,USD,99.49,https://placeholder.url,55.96
340,Film,,"9.341222, -85.693396",MockSource,Film,USD,9.25,https://placeholder.url,83.78
742,Workshops,,"27.302494, 22.712446",MockSource,Workshops,USD,15.55,https://placeholder.url,59.02
637,Nightlife,,"74.748596, -99.149412",MockSource,Nightlife,USD,42.4,https://placeholder.url,70.5
102,Exhibitions,,"36.900928, 22.827109",MockSource,Exhibitions,USD,56.99,https://placeholder.url,67.93
11,Exhibitions,,"-37.33887, 149.003178",MockSource,Exhibitions,USD,95.89,https://placeholder.url,50.74
188,Music,,"49.811956, 65.133054",MockSource,Music,USD,40.36,https://placeholder.url,86.9
697,Pets,,"6.390375, -113.177939",MockSource,Pets,USD,48.58,https://placeholder.url,37.19
658,Exhibitions,,"22.358164, -26.267094",MockSource,Exhibitions,USD,52.27,https://placeholder.url,70.39
242,Charity,,"-74.692684, -169.608226",MockSource,Charity,USD,5.08,https://placeholder.url,61.87
757,Gaming,,"-48.367978, -96.752464",MockSource,Gaming,USD,17.1,https://placeholder.url,44.79
424,Music,,"89.386879, -58.224982",MockSource,Music,USD,118.19,https://placeholder.url,38.46
49,Charity,,"15.935273, 74.074327",MockSource,Charity,USD,19.95,https://placeholder.url,32.19
660,Virtual,,"8.808054, 21.046928",MockSource,Virtual,USD,4.0,https://placeholder.url,83.37
957,Virtual,,"-28.307709, 125.578449",MockSource,Virtual,USD,35.07,https://placeholder.url,99.54
941,Charity,,"-63.717462, 77.976169",MockSource,Charity,USD,42.71,https://placeholder.url,64.8
942,Community,,"16.348971, 147.095622",MockSource,Community,USD,17.12,https://placeholder.url,44.91
580,Community,,"63.693921, -75.31345",MockSource,Community,USD,13.23,https://placeholder.url,58.94
973,Theater,,"55.927993, 102.352796",MockSource,Theater,USD,81.12,https://placeholder.url,92.2
59,Pets,,"85.507009, -100.004961",MockSource,Pets,USD,2.62,https://placeholder.url,87.76
376,Sports,,"-65.516516, -58.076067",MockSource,Sports,USD,80.06,https://placeholder.url,80.5
83,Music,,"63.417022, 14.351635",MockSource,Music,USD,138.85,https://placeholder.url,9.63
94,Music,,"54.77884, 143.887364",MockSource,Music,USD,113.58,https://placeholder.url,83.13
362,Family,,"-12.214937, -105.556364",MockSource,Family,USD,44.08,https://placeholder.url,43.26
900,Science,,"36.730458, -149.785442",MockSource,Science,USD,78.07,https://placeholder.url,95.63
795,Science,,"66.998747, 51.003442",MockSource,Science,USD,62.71,https://placeholder.url,52.27
258,Pets,,"74.931663, -36.440306",MockSource,Pets,USD,42.96,https://placeholder.url,90.78
44,Outdoors,,"81.722015, -166.792738",MockSource,Outdoors,USD,14.47,https://placeholder.url,40.0
500,Charity,,"-1.731652, 109.040895",MockSource,Charity,USD,11.02,https://placeholder.url,81.81
761,Community,,"-10.013392, 163.390415",MockSource,Community,USD,10.29,https://placeholder.url,46.97
544,Sports,,"-61.428191, -69.759677",MockSource,Sports,USD,124.36,https://placeholder.url,81.87
682,Workshops,,"-59.178449, 31.034898",MockSource,Workshops,USD,20.99,https://placeholder.url,86.2
48,Outdoors,,"-76.326757, 179.51238",MockSource,Outdoors,USD,65.68,https://placeholder.url,31.78
140,Holiday,,"-79.844492, -24.46304",MockSource,Holiday,USD,85.36,https://placeholder.url,48.08
299,Workshops,,"64.259496, -41.825375",MockSource,Workshops,USD,16.25,https://placeholder.url,62.44
458,Film,,"16.273433, -45.001395",MockSource,Film,USD,17.31,https://placeholder.url,42.23
88,Sports,,"-62.351626, 134.247734",MockSource,Sports,USD,120.98,https://placeholder.url,18.21
508,Festivals,,"72.051082, 121.099462",MockSource,Festivals,USD,179.49,https://placeholder.url,27.25
171,Gaming,,"-78.736483, 128.002839",MockSource,Gaming,USD,19.58,https://placeholder.url,48.77
283,Community,,"-87.850887, -10.160856",MockSource,Community,USD,6.31,https://placeholder.url,57.5
173,Film,,"28.507055, -100.987699",MockSource,Film,USD,20.09,https://placeholder.url,96.29
504,Gaming,,"-67.365116, 38.50285",MockSource,Gaming,USD,54.77,https://placeholder.url,67.91
9,Networking,,"16.013254, 164.60344",MockSource,Networking,USD,39.92,https://placeholder.url,60.97
371,Virtual,,"18.080469, 16.899222",MockSource,Virtual,USD,43.75,https://placeholder.url,50.89
772,Virtual,,"-43.766015, 34.346318",MockSource,Virtual,USD,14.51,https://placeholder.url,1.52
718,Theater,,"18.576178, -100.973871",MockSource,Theater,USD,48.6,https://placeholder.url,28.13
198,Outdoors,,"-29.90144, -126.686026",MockSource,Outdoors,USD,74.12,https://placeholder.url,95.44
353,Holiday,,"-24.584892, 89.952579",MockSource,Holiday,USD,53.9,https://placeholder.url,51.6
433,Conferences,,"73.611271, -42.410611",MockSource,Conferences,USD,463.15,https://placeholder.url,15.61
475,Charity,,"80.432349, -1.485529",MockSource,Charity,USD,32.55,https://placeholder.url,32.22
755,Outdoors,,"1.205184, -41.728854",MockSource,Outdoors,USD,43.62,https://placeholder.url,35.68
422,Networking,,"-31.364765, -94.626687",MockSource,Networking,USD,42.67,https://placeholder.url,80.12
52,Exhibitions,,"-32.527122, -149.886453",MockSource,Exhibitions,USD,95.54,https://placeholder.url,98.05
993,Holiday,,"-12.199203, 74.276634",MockSource,Holiday,USD,40.95,https://placeholder.url,65.73
6,Workshops,,"-42.793724, -54.166323",MockSource,Workshops,USD,41.75,https://placeholder.url,58.53
848,Workshops,,"74.453294, 29.819093",MockSource,Workshops,USD,34.47,https://placeholder.url,73.68
643,Conferences,,"7.067591, 98.552932",MockSource,Conferences,USD,434.93,https://placeholder.url,13.48
933,Theater,,"14.376106, 57.27742",MockSource,Theater,USD,48.09,https://placeholder.url,70.39
342,Gaming,,"2.7744, -171.978733",MockSource,Gaming,USD,53.22,https://placeholder.url,97.27
648,Science,,"-55.967832, -139.202172",MockSource,Science,USD,31.92,https://placeholder.url,55.12
672,Charity,,"73.878706, 51.285734",MockSource,Charity,USD,16.62,https://placeholder.url,57.17
986,Conferences,,"43.659494, -129.859019",MockSource,Conferences,USD,278.76,https://placeholder.url,14.23
34,Networking,,"-76.757337, -26.415403",MockSource,Networking,USD,72.67,https://placeholder.url,97.15
180,Holiday,,"-45.329537, 52.421388",MockSource,Holiday,USD,34.7,https://placeholder.url,57.54
311,Festivals,,"59.067618, 94.544072",MockSource,Festivals,USD,160.13,https://placeholder.url,34.12
45,Networking,,"-73.391688, -61.003918",MockSource,Networking,USD,98.91,https://placeholder.url,85.68
539,Charity,,"36.60348, -96.415463",MockSource,Charity,USD,46.21,https://placeholder.url,36.78
884,Networking,,"-72.915255, 34.986073",MockSource,Networking,USD,57.89,https://placeholder.url,63.01
138,Nightlife,,"-39.437494, 138.515158",MockSource,Nightlife,USD,68.73,https://placeholder.url,2.97
664,Pets,,"-51.582588, -44.485737",MockSource,Pets,USD,43.55,https://placeholder.url,3.78
510,Sports,,"43.410662, 136.783784",MockSource,Sports,USD,86.11,https://placeholder.url,47.73
724,Exhibitions,,"-72.83137, 166.468016",MockSource,Exhibitions,USD,66.36,https://placeholder.url,32.64
903,Wellness,,"-17.010333, 161.274188",MockSource,Wellness,USD,69.74,https://placeholder.url,52.38
496,Networking,,"-73.264056, -86.809414",MockSource,Networking,USD,55.32,https://placeholder.url,22.38
776,Nightlife,,"-73.690323, -26.025019",MockSource,Nightlife,USD,24.47,https://placeholder.url,21.03
670,Virtual,,"54.935523, -164.662918",MockSource,Virtual,USD,38.18,https://placeholder.url,77.51
528,Nightlife,,"14.067118, -107.159821",MockSource,Nightlife,USD,31.63,https://placeholder.url,62.09
738,Pets,,"-5.601166, 42.735158",MockSource,Pets,USD,44.11,https://placeholder.url,93.39
801,Exhibitions,,"-10.899897, 166.918786",MockSource,Exhibitions,USD,98.41,https://placeholder.url,80.68
417,Sports,,"67.045255, -73.331131",MockSource,Sports,USD,111.07,https://placeholder.url,91.17
201,Music,,"-87.070253, 118.639623",MockSource,Music,USD,51.52,https://placeholder.url,64.91
452,Gaming,,"-63.647124, 34.815382",MockSource,Gaming,USD,39.51,https://placeholder.url,58.06
565,Sports,,"-22.117489, -142.271228",MockSource,Sports,USD,65.76,https://placeholder.url,45.72
566,Virtual,,"-1.283256, -10.039074",MockSource,Virtual,USD,13.27,https://placeholder.url,90.09
383,Exhibitions,,"-37.81938, -20.279231",MockSource,Exhibitions,USD,73.72,https://placeholder.url,91.59
730,Exhibitions,,"30.479366, 42.431048",MockSource,Exhibitions,USD,77.98,https://placeholder.url,42.99
538,Gaming,,"38.234488, -85.411363",MockSource,Gaming,USD,41.63,https://placeholder.url,73.76
26,Theater,,"-84.080673, -150.418059",MockSource,Theater,USD,60.03,https://placeholder.url,93.28
236,Science,,"-64.797711, 19.470403",MockSource,Science,USD,92.91,https://placeholder.url,52.08
902,Wellness,,"-29.356721, -148.821843",MockSource,Wellness,USD,64.71,https://placeholder.url,64.56
200,Pets,,"82.007794, 177.448182",MockSource,Pets,USD,36.37,https://placeholder.url,18.22
982,Workshops,,"75.910565, -105.443734",MockSource,Workshops,USD,39.43,https://placeholder.url,54.69
811,Festivals,,"13.087214, 119.973274",MockSource,Festivals,USD,170.3,https://placeholder.url,48.3
601,Theater,,"47.707018, 88.318913",MockSource,Theater,USD,91.39,https://placeholder.url,85.18
155,Pets,,"20.933736, -139.547377",MockSource,Pets,USD,40.92,https://placeholder.url,88.53
398,Film,,"58.389713, 81.146017",MockSource,Film,USD,37.85,https://placeholder.url,51.64
913,Music,,"-50.476447, 77.218287",MockSource,Music,USD,35.22,https://placeholder.url,6.31
82,Virtual,,"32.710407, 2.000221",MockSource,Virtual,USD,37.75,https://placeholder.url,6.68
980,Pets,,"-9.919495, 121.876688",MockSource,Pets,USD,6.69,https://placeholder.url,80.65
447,Outdoors,,"14.98584, -12.921684",MockSource,Outdoors,USD,46.96,https://placeholder.url,51.96
413,Music,,"-21.113889, 96.093219",MockSource,Music,USD,44.71,https://placeholder.url,7.09
223,Community,,"58.698694, 51.883591",MockSource,Community,USD,14.32,https://placeholder.url,65.71
182,Exhibitions,,"60.704416, -30.382032",MockSource,Exhibitions,USD,71.57,https://placeholder.url,8.41
279,Exhibitions,,"-1.644023, -5.686477",MockSource,Exhibitions,USD,98.99,https://placeholder.url,8.65
677,Film,,"-23.003671, 172.114015",MockSource,Film,USD,14.07,https://placeholder.url,14.34
211,Outdoors,,"12.201428, 52.467467",MockSource,Outdoors,USD,76.49,https://placeholder.url,8.72
787,Family,,"1.064608, -86.154074",MockSource,Family,USD,24.14,https://placeholder.url,44.28
43,Pets,,"-2.466108, -138.516813",MockSource,Pets,USD,41.88,https://placeholder.url,9.04
563,Workshops,,"26.148241, -9.435121",MockSource,Workshops,USD,18.71,https://placeholder.url,37.96
293,Gaming,,"63.907965, -148.990016",MockSource,Gaming,USD,31.58,https://placeholder.url,9.71
401,Gaming,,"6.371713, -123.262433",MockSource,Gaming,USD,58.14,https://placeholder.url,24.49
548,Gaming,,"-42.374277, -165.496581",MockSource,Gaming,USD,42.05,https://placeholder.url,10.72
131,Music,,"40.01892, 115.500232",MockSource,Music,USD,83.39,https://placeholder.url,11.06
809,Exhibitions,,"-0.128302, 99.129461",MockSource,Exhibitions,USD,6.42,https://placeholder.url,51.31
802,Networking,,"-80.307809, -62.740522",MockSource,Networking,USD,68.03,https://placeholder.url,11.47
349,Community,,"-2.724955, -120.167175",MockSource,Community,USD,4.78,https://placeholder.url,77.88
849,Film,,"-33.051507, 11.836026",MockSource,Film,USD,35.93,https://placeholder.url,13.67
608,Workshops,,"-64.652309, -1.153544",MockSource,Workshops,USD,36.45,https://placeholder.url,24.74
747,Film,,"37.898389, 39.813162",MockSource,Film,USD,38.92,https://placeholder.url,14.18
183,Pets,,"-20.985314, -149.306382",MockSource,Pets,USD,28.86,https://placeholder.url,29.77
542,Community,,"-66.286651, 177.974663",MockSource,Community,USD,9.0,https://placeholder.url,45.14
90,Film,,"-83.501455, -161.079392",MockSource,Film,USD,35.13,https://placeholder.url,14.76
681,Exhibitions,,"-18.530223, -71.086149",MockSource,Exhibitions,USD,61.92,https://placeholder.url,75.32
93,Nightlife,,"-8.304476, -168.601128",MockSource,Nightlife,USD,81.85,https://placeholder.url,59.83
912,Exhibitions,,"81.318217, -130.250631",MockSource,Exhibitions,USD,54.7,https://placeholder.url,89.28
479,Exhibitions,,"-68.231553, 99.819217",MockSource,Exhibitions,USD,95.83,https://placeholder.url,44.52
911,Pets,,"-69.36913, -89.231006",MockSource,Pets,USD,33.81,https://placeholder.url,33.64
678,Networking,,"-16.443367, 5.897531",MockSource,Networking,USD,36.23,https://placeholder.url,56.49
683,Nightlife,,"18.483742, 55.901507",MockSource,Nightlife,USD,62.56,https://placeholder.url,71.95
2,Wellness,,"-38.473503, -177.132349",MockSource,Wellness,USD,75.8,https://placeholder.url,81.27
245,Music,,"77.58995, 82.188087",MockSource,Music,USD,57.63,https://placeholder.url,84.71
109,Family,,"61.247918, 80.514761",MockSource,Family,USD,43.21,https://placeholder.url,74.65
111,Wellness,,"67.533603, 177.609368",MockSource,Wellness,USD,65.87,https://placeholder.url,90.83
220,Exhibitions,,"89.013085, -119.743608",MockSource,Exhibitions,USD,34.18,https://placeholder.url,98.69
854,Gaming,,"17.140701, -25.837328",MockSource,Gaming,USD,48.2,https://placeholder.url,42.12
569,Science,,"-39.16709, -169.061165",MockSource,Science,USD,93.1,https://placeholder.url,54.66
107,Music,,"25.628223, -132.936221",MockSource,Music,USD,86.43,https://placeholder.url,74.36
719,Holiday,,"-5.460107, 28.286074",MockSource,Holiday,USD,71.37,https://placeholder.url,86.0
297,Exhibitions,,"-43.038754, 162.694849",MockSource,Exhibitions,USD,40.58,https://placeholder.url,44.49
652,Outdoors,,"-42.361406, -39.177957",MockSource,Outdoors,USD,58.09,https://placeholder.url,30.01
981,Workshops,,"-21.272306, 124.782817",MockSource,Workshops,USD,39.57,https://placeholder.url,83.92
348,Holiday,,"-43.667943, 164.531625",MockSource,Holiday,USD,44.0,https://placeholder.url,66.37
753,Virtual,,"47.780298, -24.584577",MockSource,Virtual,USD,36.82,https://placeholder.url,67.31
578,Outdoors,,"-45.274728, 151.660039",MockSource,Outdoors,USD,40.37,https://placeholder.url,88.7
449,Film,,"-22.370384, 173.358664",MockSource,Film,USD,38.61,https://placeholder.url,62.23
590,Gaming,,"38.358263, 129.795202",MockSource,Gaming,USD,37.77,https://placeholder.url,93.58
66,Family,,"13.135805, 15.85799",MockSource,Family,USD,51.87,https://placeholder.url,84.37
162,Pets,,"26.026416, 56.823124",MockSource,Pets,USD,33.75,https://placeholder.url,31.03
728,Networking,,"-71.541627, 52.10694",MockSource,Networking,USD,78.32,https://placeholder.url,90.14
403,Theater,,"-8.448628, 32.265239",MockSource,Theater,USD,46.34,https://placeholder.url,58.57
345,Science,,"10.430534, -133.049131",MockSource,Science,USD,43.33,https://placeholder.url,65.92
296,Gaming,,"4.372528, -169.904695",MockSource,Gaming,USD,23.62,https://placeholder.url,71.78
645,Festivals,,"4.412034, 78.022464",MockSource,Festivals,USD,73.32,https://placeholder.url,36.76
432,Outdoors,,"-43.291148, 126.635245",MockSource,Outdoors,USD,93.1,https://placeholder.url,15.31
582,Wellness,,"-3.38691, -84.10281",MockSource,Wellness,USD,14.99,https://placeholder.url,92.16
888,Gaming,,"-63.48776, -68.874153",MockSource,Gaming,USD,30.52,https://placeholder.url,3.35
406,Gaming,,"72.283602, 21.747369",MockSource,Gaming,USD,29.41,https://placeholder.url,3.94
471,Wellness,,"43.563128, -83.199201",MockSource,Wellness,USD,29.66,https://placeholder.url,0.67
468,Workshops,,"-70.709345, -107.193801",MockSource,Workshops,USD,29.11,https://placeholder.url,90.31
21,Virtual,,"25.906557, -129.768094",MockSource,Virtual,USD,6.22,https://placeholder.url,19.9
893,Family,,"14.044687, 2.298904",MockSource,Family,USD,38.42,https://placeholder.url,25.26
810,Nightlife,,"-30.228903, 123.900104",MockSource,Nightlife,USD,42.1,https://placeholder.url,17.12
501,Exhibitions,,"63.306198, -12.832119",MockSource,Exhibitions,USD,24.54,https://placeholder.url,74.64
423,Charity,,"40.479463, 46.232163",MockSource,Charity,USD,36.42,https://placeholder.url,17.26
855,Film,,"-64.100756, -64.12534",MockSource,Film,USD,30.48,https://placeholder.url,56.36
196,Film,,"-55.382263, -162.545981",MockSource,Film,USD,28.62,https://placeholder.url,61.84
473,Holiday,,"-85.963769, -123.983997",MockSource,Holiday,USD,27.62,https://placeholder.url,39.51
336,Gaming,,"-32.797643, -47.410132",MockSource,Gaming,USD,28.94,https://placeholder.url,79.42
497,Virtual,,"51.716552, -127.610856",MockSource,Virtual,USD,26.27,https://placeholder.url,91.65
535,Nightlife,,"-22.349627, 1.564728",MockSource,Nightlife,USD,26.17,https://placeholder.url,68.32
117,Sports,,"7.43909, -30.660452",MockSource,Sports,USD,134.25,https://placeholder.url,37.99
33,Exhibitions,,"-41.358469, -172.07858",MockSource,Exhibitions,USD,24.81,https://placeholder.url,12.01
865,Outdoors,,"-6.587004, -174.011954",MockSource,Outdoors,USD,27.7,https://placeholder.url,12.52
640,Gaming,,"68.101396, 152.006212",MockSource,Gaming,USD,24.04,https://placeholder.url,12.98
356,Conferences,,"86.22958, -155.420429",MockSource,Conferences,USD,428.89,https://placeholder.url,22.16
381,Festivals,,"-8.680433, -37.351185",MockSource,Festivals,USD,179.2,https://placeholder.url,48.68
662,Conferences,,"55.396933, 126.976206",MockSource,Conferences,USD,134.83,https://placeholder.url,75.41
35,Charity,,"-58.801541, 144.415716",MockSource,Charity,USD,20.23,https://placeholder.url,87.98
306,Networking,,"60.34041, 101.689949",MockSource,Networking,USD,131.03,https://placeholder.url,27.45
166,Theater,,"-49.20206, -153.634814",MockSource,Theater,USD,126.03,https://placeholder.url,2.37
352,Theater,,"-79.91756, -130.438176",MockSource,Theater,USD,109.37,https://placeholder.url,0.8
104,Virtual,,"37.687004, -176.815741",MockSource,Virtual,USD,0.64,https://placeholder.url,90.76
372,Charity,,"58.135739, -36.975122",MockSource,Charity,USD,9.87,https://placeholder.url,6.72
605,Pets,,"-79.032344, -97.38044",MockSource,Pets,USD,28.6,https://placeholder.url,47.86
599,Music,,"-70.987501, -175.795421",MockSource,Music,USD,28.47,https://placeholder.url,73.57
841,Nightlife,,"38.868219, -84.743649",MockSource,Nightlife,USD,22.57,https://placeholder.url,66.7
256,Virtual,,"67.050317, 172.729093",MockSource,Virtual,USD,22.69,https://placeholder.url,70.04
573,Gaming,,"20.66011, -63.216388",MockSource,Gaming,USD,27.87,https://placeholder.url,52.75
123,Workshops,,"56.367658, -25.56064",MockSource,Workshops,USD,30.67,https://placeholder.url,62.28
191,Virtual,,"-27.179397, 80.483914",MockSource,Virtual,USD,26.02,https://placeholder.url,64.81
597,Film,,"-16.3363, 59.517653",MockSource,Film,USD,22.71,https://placeholder.url,92.16
977,Music,,"63.532563, 28.569968",MockSource,Music,USD,112.16,https://placeholder.url,8.04
592,Workshops,,"61.934078, -178.500067",MockSource,Workshops,USD,18.64,https://placeholder.url,8.18
426,Family,,"-86.848884, -122.944987",MockSource,Family,USD,4.68,https://placeholder.url,67.35
193,Charity,,"-87.837721, -65.488416",MockSource,Charity,USD,1.13,https://placeholder.url,49.07
846,Music,,"-61.794219, 160.419543",MockSource,Music,USD,138.35,https://placeholder.url,66.22
552,Holiday,,"22.663756, 70.471074",MockSource,Holiday,USD,2.11,https://placeholder.url,9.87
512,Community,,"-35.534562, -132.125025",MockSource,Community,USD,19.43,https://placeholder.url,10.11
949,Holiday,,"-43.345739, 27.828182",MockSource,Holiday,USD,2.11,https://placeholder.url,86.02
272,Virtual,,"-47.859521, -75.255458",MockSource,Virtual,USD,10.65,https://placeholder.url,10.89
940,Theater,,"-86.262811, 141.131384",MockSource,Theater,USD,146.14,https://placeholder.url,40.21
70,Community,,"88.76899, -6.087877",MockSource,Community,USD,18.64,https://placeholder.url,39.12
465,Theater,,"18.303994, 97.850877",MockSource,Theater,USD,134.44,https://placeholder.url,94.34
976,Networking,,"-13.186335, -3.696068",MockSource,Networking,USD,147.97,https://placeholder.url,84.44
523,Festivals,,"-52.47915, 99.984227",MockSource,Festivals,USD,181.79,https://placeholder.url,85.63
366,Gaming,,"-39.610474, 173.732128",MockSource,Gaming,USD,41.67,https://placeholder.url,65.91
67,Wellness,,"-63.839362, 81.179271",MockSource,Wellness,USD,13.1,https://placeholder.url,61.99
409,Networking,,"-16.850529, -86.699553",MockSource,Networking,USD,122.41,https://placeholder.url,45.64
74,Virtual,,"25.649406, 178.282838",MockSource,Virtual,USD,46.76,https://placeholder.url,28.22
388,Charity,,"-83.336596, -29.904042",MockSource,Charity,USD,21.3,https://placeholder.url,14.99
639,Virtual,,"-39.741843, -171.529406",MockSource,Virtual,USD,34.17,https://placeholder.url,36.91
325,Workshops,,"73.795508, 114.600392",MockSource,Workshops,USD,45.86,https://placeholder.url,77.83
80,Science,,"-47.056595, 9.01852",MockSource,Science,USD,86.5,https://placeholder.url,19.37
530,Gaming,,"-68.027006, 95.690246",MockSource,Gaming,USD,36.09,https://placeholder.url,96.28
315,Networking,,"66.095897, -169.842117",MockSource,Networking,USD,17.6,https://placeholder.url,27.1
907,Exhibitions,,"-22.979424, -153.744174",MockSource,Exhibitions,USD,55.35,https://placeholder.url,84.04
147,Community,,"-46.315235, 131.66744",MockSource,Community,USD,12.24,https://placeholder.url,15.69
827,Gaming,,"-44.986226, 130.021359",MockSource,Gaming,USD,14.97,https://placeholder.url,87.6
252,Outdoors,,"48.184962, -148.943351",MockSource,Outdoors,USD,7.35,https://placeholder.url,53.94
396,Wellness,,"-50.771385, -160.875396",MockSource,Wellness,USD,12.26,https://placeholder.url,75.87
326,Networking,,"-59.413365, 75.681376",MockSource,Networking,USD,97.15,https://placeholder.url,98.21
333,Community,,"-88.82581, 149.067758",MockSource,Community,USD,7.37,https://placeholder.url,98.65
3,Holiday,,"-67.608433, 133.528811",MockSource,Holiday,USD,59.95,https://placeholder.url,85.22
821,Sports,,"61.745643, -138.933801",MockSource,Sports,USD,133.63,https://placeholder.url,8.53
641,Sports,,"-78.819741, -4.786289",MockSource,Sports,USD,115.35,https://placeholder.url,72.43
300,Workshops,,"-86.070509, -112.492119",MockSource,Workshops,USD,15.52,https://placeholder.url,80.19
163,Exhibitions,,"29.641057, -58.63087",MockSource,Exhibitions,USD,45.69,https://placeholder.url,43.48
428,Music,,"30.505058, -78.972739",MockSource,Music,USD,37.29,https://placeholder.url,88.49
717,Networking,,"62.350987, -117.374366",MockSource,Networking,USD,97.44,https://placeholder.url,60.65
453,Film,,"-43.354258, 106.183516",MockSource,Film,USD,5.75,https://placeholder.url,30.76
710,Community,,"-66.998755, -71.641004",MockSource,Community,USD,11.51,https://placeholder.url,23.79
434,Community,,"89.394557, -146.483397",MockSource,Community,USD,1.02,https://placeholder.url,98.69
341,Community,,"36.579276, -77.729172",MockSource,Community,USD,5.01,https://placeholder.url,85.11
736,Wellness,,"61.887794, -94.442582",MockSource,Wellness,USD,13.98,https://placeholder.url,82.5
476,Charity,,"-73.956728, -163.812668",MockSource,Charity,USD,17.94,https://placeholder.url,38.77
845,Music,,"57.649065, 128.187128",MockSource,Music,USD,129.46,https://placeholder.url,98.32
110,Networking,,"85.372519, 129.208446",MockSource,Networking,USD,101.48,https://placeholder.url,34.15
39,Community,,"-4.307996, -60.60723",MockSource,Community,USD,13.59,https://placeholder.url,35.48
543,Virtual,,"19.738842, 66.16841",MockSource,Virtual,USD,5.28,https://placeholder.url,85.65
856,Wellness,,"-50.627732, -73.761578",MockSource,Wellness,USD,21.37,https://placeholder.url,17.95
634,Film,,"49.123021, 45.132512",MockSource,Film,USD,14.16,https://placeholder.url,52.25
943,Charity,,"30.1839, -55.456245",MockSource,Charity,USD,14.85,https://placeholder.url,65.43
897,Community,,"-54.016805, 82.967647",MockSource,Community,USD,2.53,https://placeholder.url,37.53
75,Family,,"-76.017012, 76.566136",MockSource,Family,USD,15.86,https://placeholder.url,46.43
262,Virtual,,"-54.908404, 91.380452",MockSource,Virtual,USD,7.54,https://placeholder.url,42.35
113,Gaming,,"-53.578128, 7.80846",MockSource,Gaming,USD,31.0,https://placeholder.url,84.81
991,Exhibitions,,"89.240842, 43.348483",MockSource,Exhibitions,USD,18.72,https://placeholder.url,79.31
119,Science,,"-8.462243, 60.037516",MockSource,Science,USD,92.86,https://placeholder.url,52.79
264,Holiday,,"55.419635, -101.121662",MockSource,Holiday,USD,37.02,https://placeholder.url,61.03
624,Charity,,"-48.37211, 52.07778",MockSource,Charity,USD,23.01,https://placeholder.url,21.75
159,Theater,,"86.92917, 146.110433",MockSource,Theater,USD,51.55,https://placeholder.url,46.66
323,Music,,"-23.297229, 7.040514",MockSource,Music,USD,45.85,https://placeholder.url,85.23
199,Music,,"37.311806, -169.545699",MockSource,Music,USD,72.09,https://placeholder.url,43.19
228,Family,,"-78.474034, -69.091132",MockSource,Family,USD,35.57,https://placeholder.url,28.44
103,Exhibitions,,"-64.028311, 153.162469",MockSource,Exhibitions,USD,87.99,https://placeholder.url,85.26
737,Sports,,"65.172399, -169.714506",MockSource,Sports,USD,244.95,https://placeholder.url,19.76
364,Sports,,"-79.120527, -50.264584",MockSource,Sports,USD,138.94,https://placeholder.url,46.33
633,Holiday,,"-50.752503, -1.795104",MockSource,Holiday,USD,38.04,https://placeholder.url,83.13
740,Exhibitions,,"5.841203, -119.027787",MockSource,Exhibitions,USD,11.35,https://placeholder.url,97.91
464,Community,,"-48.455208, 72.729907",MockSource,Community,USD,6.22,https://placeholder.url,63.24
230,Pets,,"-65.480173, -118.457301",MockSource,Pets,USD,9.74,https://placeholder.url,88.74
515,Music,,"-58.22632, 144.571152",MockSource,Music,USD,127.97,https://placeholder.url,72.29
513,Community,,"-25.002505, 95.593218",MockSource,Community,USD,1.1,https://placeholder.url,61.58
819,Charity,,"-89.669952, -137.884307",MockSource,Charity,USD,13.94,https://placeholder.url,31.9
910,Pets,,"-55.309539, -113.941112",MockSource,Pets,USD,17.11,https://placeholder.url,94.63
830,Virtual,,"-60.561609, 119.249098",MockSource,Virtual,USD,4.16,https://placeholder.url,66.44
840,Festivals,,"73.38283, -171.668764",MockSource,Festivals,USD,79.46,https://placeholder.url,57.14
686,Networking,,"26.100349, 5.859722",MockSource,Networking,USD,14.46,https://placeholder.url,36.9
964,Festivals,,"83.411889, 154.559965",MockSource,Festivals,USD,60.1,https://placeholder.url,57.99
114,Community,,"2.328199, 64.512787",MockSource,Community,USD,1.16,https://placeholder.url,62.14
928,Nightlife,,"18.773031, -16.596699",MockSource,Nightlife,USD,14.88,https://placeholder.url,87.16
858,Charity,,"-83.024951, 76.684713",MockSource,Charity,USD,18.6,https://placeholder.url,86.01
781,Film,,"-24.450147, -149.040751",MockSource,Film,USD,7.83,https://placeholder.url,70.01
857,Family,,"88.444479, -60.926885",MockSource,Family,USD,5.87,https://placeholder.url,44.47
354,Exhibitions,,"16.846904, 94.528631",MockSource,Exhibitions,USD,15.58,https://placeholder.url,83.09
267,Charity,,"19.461065, 75.033001",MockSource,Charity,USD,18.32,https://placeholder.url,96.81
881,Networking,,"-43.757023, 102.095692",MockSource,Networking,USD,120.21,https://placeholder.url,33.64
62,Pets,,"78.081985, 143.807513",MockSource,Pets,USD,1.25,https://placeholder.url,61.67
133,Film,,"-61.547898, -54.295726",MockSource,Film,USD,15.58,https://placeholder.url,33.44
771,Community,,"51.209664, -5.20398",MockSource,Community,USD,18.51,https://placeholder.url,36.62
551,Festivals,,"-2.203946, 47.615681",MockSource,Festivals,USD,71.3,https://placeholder.url,63.52
446,Gaming,,"-64.779327, 9.087258",MockSource,Gaming,USD,17.19,https://placeholder.url,79.09
852,Festivals,,"66.938494, -33.409254",MockSource,Festivals,USD,51.81,https://placeholder.url,41.12
50,Gaming,,"34.736645, 123.81003",MockSource,Gaming,USD,14.51,https://placeholder.url,52.76
729,Nightlife,,"-19.007604, 49.907439",MockSource,Nightlife,USD,10.1,https://placeholder.url,60.52
385,Community,,"-67.133088, 22.510738",MockSource,Community,USD,19.04,https://placeholder.url,90.74
642,Charity,,"-72.029755, 158.200558",MockSource,Charity,USD,10.68,https://placeholder.url,63.78
715,Gaming,,"82.664034, -20.51342",MockSource,Gaming,USD,17.68,https://placeholder.url,83.86
280,Charity,,"42.721372, -35.729916",MockSource,Charity,USD,17.73,https://placeholder.url,60.08
286,Sports,,"33.481571, -11.165173",MockSource,Sports,USD,117.81,https://placeholder.url,93.41
692,Virtual,,"83.46379, -153.48598",MockSource,Virtual,USD,17.91,https://placeholder.url,99.32
284,Festivals,,"56.153909, 123.426036",MockSource,Festivals,USD,134.68,https://placeholder.url,75.27
344,Festivals,,"-61.330215, 49.971476",MockSource,Festivals,USD,109.62,https://placeholder.url,48.04
494,Wellness,,"79.812003, -103.338173",MockSource,Wellness,USD,22.23,https://placeholder.url,43.77
711,Workshops,,"83.72296, 106.513703",MockSource,Workshops,USD,31.58,https://placeholder.url,51.02
750,Theater,,"-78.593501, 128.760597",MockSource,Theater,USD,84.37,https://placeholder.url,79.66
358,Outdoors,,"38.680762, 33.267545",MockSource,Outdoors,USD,87.53,https://placeholder.url,20.57
863,Theater,,"-81.83706, 134.327285",MockSource,Theater,USD,51.39,https://placeholder.url,94.35
716,Sports,,"-59.126089, 73.870413",MockSource,Sports,USD,209.77,https://placeholder.url,1.36
851,Virtual,,"2.672761, 66.308682",MockSource,Virtual,USD,42.11,https://placeholder.url,19.25
602,Virtual,,"-75.676216, -2.035189",MockSource,Virtual,USD,43.24,https://placeholder.url,19.37
723,Outdoors,,"-4.811361, 146.644119",MockSource,Outdoors,USD,13.61,https://placeholder.url,26.92
726,Charity,,"-30.458061, 141.772166",MockSource,Charity,USD,13.49,https://placeholder.url,18.06
225,Gaming,,"-39.891978, -15.888555",MockSource,Gaming,USD,47.62,https://placeholder.url,20.69
427,Workshops,,"57.610739, 59.127644",MockSource,Workshops,USD,39.24,https://placeholder.url,20.84
126,Pets,,"19.066949, 145.61155",MockSource,Pets,USD,24.17,https://placeholder.url,49.2
532,Music,,"41.540048, -55.043869",MockSource,Music,USD,146.69,https://placeholder.url,16.62
962,Charity,,"42.060869, 168.330433",MockSource,Charity,USD,29.02,https://placeholder.url,60.48
882,Workshops,,"-35.153103, 173.662856",MockSource,Workshops,USD,24.53,https://placeholder.url,88.17
72,Family,,"-54.066399, 62.715925",MockSource,Family,USD,51.51,https://placeholder.url,59.24
377,Holiday,,"42.942371, 141.183058",MockSource,Holiday,USD,74.18,https://placeholder.url,77.42
24,Sports,,"42.332017, -114.080423",MockSource,Sports,USD,67.56,https://placeholder.url,54.6
57,Virtual,,"-60.907891, -176.393129",MockSource,Virtual,USD,46.39,https://placeholder.url,50.16
712,Charity,,"43.356837, -0.508028",MockSource,Charity,USD,48.84,https://placeholder.url,76.05
920,Theater,,"-40.878054, -102.876406",MockSource,Theater,USD,144.92,https://placeholder.url,23.64
137,Networking,,"-69.675273, 80.167187",MockSource,Networking,USD,143.79,https://placeholder.url,17.95
177,Wellness,,"-61.419556, 114.567746",MockSource,Wellness,USD,57.28,https://placeholder.url,23.24
769,Charity,,"74.705983, 42.62081",MockSource,Charity,USD,11.1,https://placeholder.url,59.13
410,Holiday,,"36.327248, -80.723638",MockSource,Holiday,USD,97.85,https://placeholder.url,94.76
576,Outdoors,,"-21.807807, -9.172203",MockSource,Outdoors,USD,98.24,https://placeholder.url,37.62
984,Science,,"77.372172, -48.091436",MockSource,Science,USD,97.36,https://placeholder.url,43.26
12,Festivals,,"69.545494, -117.964527",MockSource,Festivals,USD,126.22,https://placeholder.url,30.93
591,Festivals,,"-81.763906, 166.132074",MockSource,Festivals,USD,110.42,https://placeholder.url,91.56
915,Festivals,,"-47.380337, -157.189849",MockSource,Festivals,USD,109.06,https://placeholder.url,39.92
187,Charity,,"3.582047, -110.968944",MockSource,Charity,USD,13.43,https://placeholder.url,94.24
559,Exhibitions,,"13.585423, 178.706565",MockSource,Exhibitions,USD,11.45,https://placeholder.url,69.62
290,Theater,,"15.629735, 15.992459",MockSource,Theater,USD,122.77,https://placeholder.url,96.49
31,Exhibitions,,"51.2772, 43.28325",MockSource,Exhibitions,USD,25.62,https://placeholder.url,55.21
302,Outdoors,,"-85.155283, -170.890358",MockSource,Outdoors,USD,67.58,https://placeholder.url,25.18
365,Film,,"-40.143976, -157.634485",MockSource,Film,USD,22.78,https://placeholder.url,43.96
56,Charity,,"25.559517, 110.319352",MockSource,Charity,USD,6.04,https://placeholder.url,44.51
395,Wellness,,"2.800593, 123.831446",MockSource,Wellness,USD,37.2,https://placeholder.url,68.06
782,Conferences,,"-29.203232, 46.715564",MockSource,Conferences,USD,250.59,https://placeholder.url,36.98
614,Holiday,,"71.561152, 163.120441",MockSource,Holiday,USD,72.89,https://placeholder.url,76.33
572,Music,,"-68.890455, 17.087671",MockSource,Music,USD,96.67,https://placeholder.url,36.03
796,Wellness,,"60.131778, 48.70864",MockSource,Wellness,USD,40.07,https://placeholder.url,76.74
268,Nightlife,,"64.176446, -67.12913",MockSource,Nightlife,USD,84.34,https://placeholder.url,68.38
806,Conferences,,"54.099919, 13.341804",MockSource,Conferences,USD,174.39,https://placeholder.url,49.26
822,Gaming,,"-80.489278, -151.683549",MockSource,Gaming,USD,48.01,https://placeholder.url,59.33
622,Festivals,,"-18.819098, -59.302656",MockSource,Festivals,USD,130.48,https://placeholder.url,98.19
818,Science,,"-4.222767, 134.752544",MockSource,Science,USD,67.97,https://placeholder.url,53.22
71,Sports,,"-13.138487, 171.548638",MockSource,Sports,USD,202.46,https://placeholder.url,83.65
176,Sports,,"52.68861, -133.330199",MockSource,Sports,USD,172.99,https://placeholder.url,35.3
727,Community,,"3.662301, -105.136616",MockSource,Community,USD,11.54,https://placeholder.url,54.78
277,Charity,,"8.130178, 131.051325",MockSource,Charity,USD,36.08,https://placeholder.url,76.6
744,Film,,"42.222113, 107.205947",MockSource,Film,USD,14.09,https://placeholder.url,33.63
939,Conferences,,"-73.720526, 125.166431",MockSource,Conferences,USD,424.89,https://placeholder.url,35.25
780,Sports,,"-84.760952, -159.595727",MockSource,Sports,USD,144.78,https://placeholder.url,99.58
499,Outdoors,,"-2.389646, -92.800593",MockSource,Outdoors,USD,26.34,https://placeholder.url,43.94
69,Networking,,"49.720679, -158.584569",MockSource,Networking,USD,16.72,https://placeholder.url,84.64
766,Festivals,,"30.97668, 135.256198",MockSource,Festivals,USD,183.37,https://placeholder.url,59.29
704,Networking,,"6.824445, 7.575183",MockSource,Networking,USD,66.27,https://placeholder.url,28.91
454,Pets,,"5.693527, 26.502762",MockSource,Pets,USD,28.36,https://placeholder.url,64.22
839,Gaming,,"-14.492132, -68.233127",MockSource,Gaming,USD,24.54,https://placeholder.url,25.82
418,Pets,,"-70.165314, -129.385789",MockSource,Pets,USD,42.73,https://placeholder.url,32.05
179,Sports,,"37.353321, 2.565247",MockSource,Sports,USD,206.49,https://placeholder.url,85.47
952,Community,,"9.846708, 151.384768",MockSource,Community,USD,10.88,https://placeholder.url,21.59
402,Conferences,,"49.045087, 41.69243",MockSource,Conferences,USD,477.23,https://placeholder.url,32.27
786,Pets,,"68.844051, -163.789937",MockSource,Pets,USD,20.51,https://placeholder.url,21.81
408,Theater,,"-68.267317, 78.17213",MockSource,Theater,USD,70.7,https://placeholder.url,31.2
588,Music,,"-79.223863, 164.735978",MockSource,Music,USD,126.73,https://placeholder.url,21.92
63,Charity,,"85.96337, 72.492439",MockSource,Charity,USD,28.82,https://placeholder.url,26.5
60,Outdoors,,"-40.442282, -78.274324",MockSource,Outdoors,USD,3.12,https://placeholder.url,75.54
382,Pets,,"-30.021686, 100.871121",MockSource,Pets,USD,37.66,https://placeholder.url,56.3
112,Gaming,,"25.983351, 19.585849",MockSource,Gaming,USD,32.77,https://placeholder.url,68.8
7,Conferences,,"-87.253332, -116.838395",MockSource,Conferences,USD,317.04,https://placeholder.url,82.55
676,Holiday,,"25.180704, -40.989942",MockSource,Holiday,USD,4.04,https://placeholder.url,63.34
25,Conferences,,"30.991023, -23.795723",MockSource,Conferences,USD,375.39,https://placeholder.url,74.84
946,Pets,,"-19.003853, 5.258082",MockSource,Pets,USD,14.55,https://placeholder.url,22.7
208,Virtual,,"-19.444648, 30.675883",MockSource,Virtual,USD,20.03,https://placeholder.url,22.73
1,Festivals,,"-23.989875, 63.485563",MockSource,Festivals,USD,180.26,https://placeholder.url,52.55
450,Conferences,,"50.228617, -34.481506",MockSource,Conferences,USD,440.66,https://placeholder.url,50.44
470,Charity,,"79.285972, 99.075748",MockSource,Charity,USD,11.11,https://placeholder.url,98.09
661,Charity,,"11.383305, -34.438565",MockSource,Charity,USD,3.09,https://placeholder.url,97.55
853,Workshops,,"27.876295, -102.867162",MockSource,Workshops,USD,13.3,https://placeholder.url,56.28
459,Community,,"-4.928184, -117.140139",MockSource,Community,USD,6.68,https://placeholder.url,45.29
511,Pets,,"-79.545888, 87.978303",MockSource,Pets,USD,29.75,https://placeholder.url,37.14
58,Holiday,,"-24.275994, -73.845421",MockSource,Holiday,USD,82.51,https://placeholder.url,56.88
442,Science,,"-82.892329, 97.639871",MockSource,Science,USD,88.84,https://placeholder.url,60.94
189,Wellness,,"-30.454778, 84.131993",MockSource,Wellness,USD,51.79,https://placeholder.url,40.0
493,Community,,"47.078933, -162.547356",MockSource,Community,USD,15.4,https://placeholder.url,49.73
707,Virtual,,"53.562998, -54.636966",MockSource,Virtual,USD,6.07,https://placeholder.url,36.41
895,Family,,"51.654333, 130.650153",MockSource,Family,USD,16.77,https://placeholder.url,98.78
332,Science,,"-10.938509, -130.210533",MockSource,Science,USD,78.41,https://placeholder.url,62.74
393,Festivals,,"27.362754, 162.815937",MockSource,Festivals,USD,167.52,https://placeholder.url,30.3
631,Sports,,"-55.705554, 9.024471",MockSource,Sports,USD,142.59,https://placeholder.url,64.79
541,Sports,,"-17.614906, 113.277179",MockSource,Sports,USD,134.96,https://placeholder.url,59.18
694,Networking,,"11.944151, 97.413952",MockSource,Networking,USD,141.9,https://placeholder.url,39.83
721,Theater,,"-54.391724, 98.888992",MockSource,Theater,USD,135.45,https://placeholder.url,97.58
485,Theater,,"11.423193, -32.188148",MockSource,Theater,USD,134.76,https://placeholder.url,21.22
206,Festivals,,"-64.934157, -121.626285",MockSource,Festivals,USD,191.2,https://placeholder.url,85.34
492,Virtual,,"-63.591084, 3.349237",MockSource,Virtual,USD,25.44,https://placeholder.url,30.96
331,Outdoors,,"87.341823, -120.790442",MockSource,Outdoors,USD,22.42,https://placeholder.url,77.71
549,Sports,,"13.410586, 27.847863",MockSource,Sports,USD,217.15,https://placeholder.url,50.45
656,Workshops,,"-13.982509, -111.503922",MockSource,Workshops,USD,20.55,https://placeholder.url,25.32
926,Music,,"-34.002459, 50.156474",MockSource,Music,USD,125.83,https://placeholder.url,25.46
834,Community,,"-31.659075, 27.912201",MockSource,Community,USD,19.27,https://placeholder.url,60.12
996,Pets,,"-45.694523, 15.356438",MockSource,Pets,USD,43.64,https://placeholder.url,79.79
205,Film,,"-51.435811, 23.259106",MockSource,Film,USD,21.23,https://placeholder.url,46.23
598,Community,,"-58.536191, -50.243284",MockSource,Community,USD,5.75,https://placeholder.url,36.73
503,Family,,"-66.374423, -146.102855",MockSource,Family,USD,34.28,https://placeholder.url,44.86
394,Family,,"-22.263843, -75.404302",MockSource,Family,USD,16.76,https://placeholder.url,62.8
235,Exhibitions,,"45.295718, 173.9108",MockSource,Exhibitions,USD,53.6,https://placeholder.url,88.23
253,Nightlife,,"-2.300789, -171.988401",MockSource,Nightlife,USD,99.3,https://placeholder.url,87.48
338,Wellness,,"-46.651878, -134.030511",MockSource,Wellness,USD,64.74,https://placeholder.url,39.88
988,Pets,,"68.657008, 15.23362",MockSource,Pets,USD,5.95,https://placeholder.url,27.26
135,Family,,"36.127466, 47.641869",MockSource,Family,USD,9.65,https://placeholder.url,55.2
477,Music,,"-25.128154, -120.509186",MockSource,Music,USD,42.37,https://placeholder.url,62.49
560,Theater,,"-12.618825, 73.094141",MockSource,Theater,USD,63.09,https://placeholder.url,72.46
203,Film,,"48.433781, -55.530215",MockSource,Film,USD,32.85,https://placeholder.url,84.16
250,Nightlife,,"1.397777, -117.614927",MockSource,Nightlife,USD,41.92,https://placeholder.url,61.97
78,Festivals,,"-18.1641, 65.28627",MockSource,Festivals,USD,186.69,https://placeholder.url,84.04
440,Exhibitions,,"69.495636, 99.563146",MockSource,Exhibitions,USD,76.61,https://placeholder.url,54.82
709,Nightlife,,"-67.825799, -133.203125",MockSource,Nightlife,USD,35.67,https://placeholder.url,60.15
546,Family,,"-67.912126, 156.666087",MockSource,Family,USD,77.51,https://placeholder.url,88.29
651,Film,,"-58.378081, 102.807572",MockSource,Film,USD,25.32,https://placeholder.url,52.3
291,Workshops,,"49.318882, 175.919498",MockSource,Workshops,USD,16.67,https://placeholder.url,29.0
321,Charity,,"62.584589, -73.357077",MockSource,Charity,USD,19.72,https://placeholder.url,54.7
314,Community,,"77.899321, 170.769095",MockSource,Community,USD,6.72,https://placeholder.url,52.62
217,Holiday,,"-2.59065, -7.622952",MockSource,Holiday,USD,20.64,https://placeholder.url,47.89
934,Virtual,,"56.605928, 90.978792",MockSource,Virtual,USD,18.02,https://placeholder.url,60.97
969,Community,,"-52.466652, 47.365879",MockSource,Community,USD,4.9,https://placeholder.url,57.86
154,Sports,,"-6.266952, -67.68225",MockSource,Sports,USD,220.89,https://placeholder.url,11.98
983,Community,,"52.431801, -9.75019",MockSource,Community,USD,5.89,https://placeholder.url,97.74
390,Conferences,,"-58.491042, -166.979535",MockSource,Conferences,USD,412.03,https://placeholder.url,14.18
561,Networking,,"-75.745098, 147.391958",MockSource,Networking,USD,123.91,https://placeholder.url,91.78
567,Sports,,"-56.828105, 173.67008",MockSource,Sports,USD,204.68,https://placeholder.url,15.45
32,Family,,"-40.569768, -81.028938",MockSource,Family,USD,74.3,https://placeholder.url,49.45
389,Sports,,"84.291574, 53.61601",MockSource,Sports,USD,137.03,https://placeholder.url,90.95
975,Nightlife,,"-82.141091, 141.060307",MockSource,Nightlife,USD,73.59,https://placeholder.url,86.13
892,Pets,,"-52.221582, -34.285242",MockSource,Pets,USD,39.14,https://placeholder.url,67.09
554,Science,,"-61.537717, 115.938282",MockSource,Science,USD,37.19,https://placeholder.url,85.69
216,Festivals,,"1.14916, 144.738924",MockSource,Festivals,USD,154.85,https://placeholder.url,91.33
484,Science,,"89.832343, 38.576477",MockSource,Science,USD,35.25,https://placeholder.url,96.2
55,Wellness,,"-63.842898, -77.936039",MockSource,Wellness,USD,46.65,https://placeholder.url,40.1
61,Virtual,,"13.877318, 81.702702",MockSource,Virtual,USD,48.02,https://placeholder.url,78.23
407,Networking,,"2.091406, -19.497262",MockSource,Networking,USD,97.4,https://placeholder.url,53.3
41,Gaming,,"84.51598, 142.164217",MockSource,Gaming,USD,53.96,https://placeholder.url,74.52
143,Outdoors,,"47.397659, 149.548209",MockSource,Outdoors,USD,77.05,https://placeholder.url,64.28
186,Gaming,,"-1.22978, 39.644963",MockSource,Gaming,USD,53.31,https://placeholder.url,46.51
696,Holiday,,"-20.335489, 71.478808",MockSource,Holiday,USD,90.26,https://placeholder.url,46.78
37,Nightlife,,"-29.766717, 148.600053",MockSource,Nightlife,USD,71.61,https://placeholder.url,80.97
153,Holiday,,"-35.84774, 90.312604",MockSource,Holiday,USD,46.69,https://placeholder.url,36.81
654,Science,,"77.310596, 41.96579",MockSource,Science,USD,48.4,https://placeholder.url,60.82
954,Music,,"40.8463, -3.637623",MockSource,Music,USD,35.6,https://placeholder.url,52.37
305,Holiday,,"-73.4416, -54.388842",MockSource,Holiday,USD,77.31,https://placeholder.url,64.17
301,Science,,"36.696253, 147.838087",MockSource,Science,USD,92.95,https://placeholder.url,99.84
722,Nightlife,,"73.616448, 152.610937",MockSource,Nightlife,USD,33.74,https://placeholder.url,68.94
731,Sports,,"66.128035, -102.292333",MockSource,Sports,USD,38.14,https://placeholder.url,57.32
905,Wellness,,"-17.896244, -68.438794",MockSource,Wellness,USD,61.86,https://placeholder.url,77.1
368,Networking,,"67.297166, 122.134177",MockSource,Networking,USD,74.15,https://placeholder.url,89.76
916,Science,,"4.677567, 38.498455",MockSource,Science,USD,96.96,https://placeholder.url,95.98
298,Family,,"73.455777, -137.812622",MockSource,Family,USD,53.8,https://placeholder.url,89.67
168,Nightlife,,"31.246791, -112.151738",MockSource,Nightlife,USD,92.83,https://placeholder.url,41.13
693,Nightlife,,"-47.961245, 84.064408",MockSource,Nightlife,USD,45.62,https://placeholder.url,46.4
690,Outdoors,,"83.399174, 27.709497",MockSource,Outdoors,USD,55.46,https://placeholder.url,86.43
894,Science,,"-9.107842, 28.127591",MockSource,Science,USD,63.27,https://placeholder.url,94.31
891,Nightlife,,"71.113011, 99.37346",MockSource,Nightlife,USD,81.37,https://placeholder.url,39.98
972,Charity,,"-87.9088, -108.171888",MockSource,Charity,USD,38.81,https://placeholder.url,98.18
860,Virtual,,"85.502119, -146.272061",MockSource,Virtual,USD,31.43,https://placeholder.url,50.44
878,Music,,"-17.416005, 12.958182",MockSource,Music,USD,32.72,https://placeholder.url,83.64
797,Outdoors,,"-40.975718, 62.489422",MockSource,Outdoors,USD,42.46,https://placeholder.url,53.99
587,Science,,"-69.189238, 114.881991",MockSource,Science,USD,81.12,https://placeholder.url,71.64
756,Science,,"57.549038, -39.954779",MockSource,Science,USD,89.03,https://placeholder.url,79.14
785,Music,,"-33.426517, 124.911661",MockSource,Music,USD,87.54,https://placeholder.url,83.4
779,Gaming,,"-25.831876, -158.910406",MockSource,Gaming,USD,34.7,https://placeholder.url,89.7
288,Science,,"-71.724737, 9.839489",MockSource,Science,USD,79.84,https://placeholder.url,76.09
118,Networking,,"-39.632519, -160.309947",MockSource,Networking,USD,42.21,https://placeholder.url,96.57
386,Family,,"-18.097321, 135.406233",MockSource,Family,USD,38.06,https://placeholder.url,86.18
282,Nightlife,,"50.851129, 14.44814",MockSource,Nightlife,USD,98.04,https://placeholder.url,93.76
420,Workshops,,"-17.217708, 142.769323",MockSource,Workshops,USD,36.18,https://placeholder.url,57.99
54,Virtual,,"-3.249216, 25.202883",MockSource,Virtual,USD,38.61,https://placeholder.url,47.93
814,Wellness,,"37.128841, -63.35888",MockSource,Wellness,USD,72.66,https://placeholder.url,49.07
518,Outdoors,,"-22.977774, -158.520466",MockSource,Outdoors,USD,31.58,https://placeholder.url,55.12
307,Outdoors,,"-59.631686, 27.780481",MockSource,Outdoors,USD,80.32,https://placeholder.url,41.03
666,Family,,"87.115225, 97.602592",MockSource,Family,USD,49.16,https://placeholder.url,54.13
22,Theater,,"36.596533, 89.838124",MockSource,Theater,USD,66.1,https://placeholder.url,92.81
271,Exhibitions,,"23.191488, -7.318689",MockSource,Exhibitions,USD,66.42,https://placeholder.url,41.76
469,Outdoors,,"-5.995851, -32.350838",MockSource,Outdoors,USD,98.61,https://placeholder.url,90.54
243,Exhibitions,,"-55.879954, -119.061799",MockSource,Exhibitions,USD,87.66,https://placeholder.url,31.55
435,Holiday,,"-51.556437, 72.148865",MockSource,Holiday,USD,70.63,https://placeholder.url,73.17
436,Theater,,"69.060857, -64.154405",MockSource,Theater,USD,34.36,https://placeholder.url,45.51
990,Networking,,"-19.311288, -83.041243",MockSource,Networking,USD,40.48,https://placeholder.url,33.6
966,Outdoors,,"77.994606, -112.382149",MockSource,Outdoors,USD,88.83,https://placeholder.url,52.25
318,Outdoors,,"-55.385692, -87.763426",MockSource,Outdoors,USD,86.84,https://placeholder.url,94.34
202,Charity,,"42.890247, -38.889208",MockSource,Charity,USD,9.85,https://placeholder.url,87.15
850,Film,,"-82.753776, 120.858549",MockSource,Film,USD,11.32,https://placeholder.url,79.02
625,Film,,"43.753349, -132.153794",MockSource,Film,USD,17.78,https://placeholder.url,59.61
837,Gaming,,"27.221537, 133.731889",MockSource,Gaming,USD,11.46,https://placeholder.url,99.94
16,Conferences,,"46.699137, 165.5096",MockSource,Conferences,USD,275.99,https://placeholder.url,22.12
350,Conferences,,"51.658114, 55.70509",MockSource,Conferences,USD,163.23,https://placeholder.url,75.99
970,Theater,,"23.656844, -86.076882",MockSource,Theater,USD,133.73,https://placeholder.url,56.46
925,Exhibitions,,"-49.315679, -44.575643",MockSource,Exhibitions,USD,0.01,https://placeholder.url,63.32
961,Outdoors,,"-14.03728, -12.045382",MockSource,Outdoors,USD,17.05,https://placeholder.url,93.52
951,Sports,,"15.581407, -8.311065",MockSource,Sports,USD,248.65,https://placeholder.url,80.58
445,Conferences,,"18.869874, -168.0526",MockSource,Conferences,USD,475.83,https://placeholder.url,31.66
628,Community,,"-57.503052, -164.905582",MockSource,Community,USD,9.83,https://placeholder.url,92.95
380,Wellness,,"68.610533, -140.013316",MockSource,Wellness,USD,15.07,https://placeholder.url,88.4
227,Charity,,"-71.304968, -82.727615",MockSource,Charity,USD,27.98,https://placeholder.url,81.79
270,Gaming,,"-30.619354, 87.6753",MockSource,Gaming,USD,28.61,https://placeholder.url,32.45
874,Nightlife,,"82.392811, 141.193536",MockSource,Nightlife,USD,27.87,https://placeholder.url,36.5
978,Film,,"-74.932077, 46.337334",MockSource,Film,USD,26.48,https://placeholder.url,43.09
659,Film,,"-78.035921, 13.10568",MockSource,Film,USD,25.06,https://placeholder.url,71.33
995,Workshops,,"-5.876159, -76.445874",MockSource,Workshops,USD,29.58,https://placeholder.url,42.11
29,Wellness,,"22.248944, -38.086387",MockSource,Wellness,USD,27.71,https://placeholder.url,95.18
974,Film,,"-16.191859, 22.939288",MockSource,Film,USD,26.21,https://placeholder.url,93.24
416,Workshops,,"55.031499, -113.077472",MockSource,Workshops,USD,23.44,https://placeholder.url,51.01
577,Holiday,,"30.684363, 103.901617",MockSource,Holiday,USD,27.12,https://placeholder.url,71.41
904,Virtual,,"34.69169, -18.98496",MockSource,Virtual,USD,24.93,https://placeholder.url,42.76
457,Virtual,,"-39.233694, 164.361417",MockSource,Virtual,USD,24.46,https://placeholder.url,82.14
455,Virtual,,"-89.698422, 64.623908",MockSource,Virtual,USD,29.64,https://placeholder.url,40.92
922,Film,,"10.551934, 168.674981",MockSource,Film,USD,30.9,https://placeholder.url,52.37
646,Workshops,,"16.700609, 69.927622",MockSource,Workshops,USD,27.92,https://placeholder.url,74.45
14,Charity,,"48.932685, 40.043142",MockSource,Charity,USD,30.41,https://placeholder.url,76.82
825,Virtual,,"83.060208, -39.187632",MockSource,Virtual,USD,30.87,https://placeholder.url,98.15
463,Workshops,,"-84.52676, -173.072417",MockSource,Workshops,USD,29.52,https://placeholder.url,74.39
244,Conferences,,"86.961305, 39.162907",MockSource,Conferences,USD,236.06,https://placeholder.url,49.8
355,Sports,,"89.491161, -152.406346",MockSource,Sports,USD,212.14,https://placeholder.url,70.95
872,Sports,,"-72.127968, 34.712283",MockSource,Sports,USD,135.76,https://placeholder.url,72.99
226,Sports,,"25.435258, 122.245195",MockSource,Sports,USD,162.29,https://placeholder.url,98.96
862,Sports,,"89.954192, 162.748868",MockSource,Sports,USD,201.46,https://placeholder.url,63.6
265,Conferences,,"-47.085524, -147.832487",MockSource,Conferences,USD,204.6,https://placeholder.url,76.95
919,Festivals,,"-61.144536, -135.468796",MockSource,Festivals,USD,187.11,https://placeholder.url,92.62
145,Sports,,"60.227409, -7.57526",MockSource,Sports,USD,154.51,https://placeholder.url,79.08
752,Sports,,"75.95874, -119.112318",MockSource,Sports,USD,240.98,https://placeholder.url,90.54
387,Sports,,"58.369531, 39.8325",MockSource,Sports,USD,206.91,https://placeholder.url,66.17
231,Festivals,,"85.037668, 30.972221",MockSource,Festivals,USD,193.79,https://placeholder.url,33.24
319,Conferences,,"57.249102, -130.340319",MockSource,Conferences,USD,428.3,https://placeholder.url,92.91
295,Conferences,,"-76.550704, 6.052484",MockSource,Conferences,USD,290.11,https://placeholder.url,94.83
328,Pets,,"-79.112205, 75.380468",MockSource,Pets,USD,3.16,https://placeholder.url,50.82
505,Music,,"-15.179159, 25.847327",MockSource,Music,USD,100.51,https://placeholder.url,32.21
792,Charity,,"-43.613405, 173.929633",MockSource,Charity,USD,15.75,https://placeholder.url,35.77
864,Charity,,"-58.131652, -130.600508",MockSource,Charity,USD,18.17,https://placeholder.url,66.39
429,Wellness,,"-40.387498, 10.536603",MockSource,Wellness,USD,14.24,https://placeholder.url,54.38
674,Theater,,"-72.156119, 107.736552",MockSource,Theater,USD,106.7,https://placeholder.url,63.19
870,Wellness,,"5.476955, -46.667815",MockSource,Wellness,USD,20.74,https://placeholder.url,35.98
490,Holiday,,"21.803885, 12.156369",MockSource,Holiday,USD,9.77,https://placeholder.url,84.64
971,Networking,,"29.742836, 106.56789",MockSource,Networking,USD,104.25,https://placeholder.url,94.52
170,Community,,"-64.653934, 25.819294",MockSource,Community,USD,7.14,https://placeholder.url,95.39
165,Holiday,,"-26.752174, 105.465198",MockSource,Holiday,USD,11.96,https://placeholder.url,67.65
152,Networking,,"-33.353095, -120.339227",MockSource,Networking,USD,108.49,https://placeholder.url,46.0
164,Charity,,"8.036537, -133.067924",MockSource,Charity,USD,21.52,https://placeholder.url,63.64
337,Virtual,,"-70.233063, -51.659506",MockSource,Virtual,USD,3.36,https://placeholder.url,35.52
947,Workshops,,"-29.045522, 175.089035",MockSource,Workshops,USD,17.55,https://placeholder.url,74.29
689,Theater,,"62.063591, 164.434359",MockSource,Theater,USD,107.64,https://placeholder.url,33.87
606,Community,,"66.066344, -71.514683",MockSource,Community,USD,8.11,https://placeholder.url,40.36
918,Exhibitions,,"2.992211, 7.780383",MockSource,Exhibitions,USD,18.78,https://placeholder.url,61.21
581,Exhibitions,,"14.035394, 107.81076",MockSource,Exhibitions,USD,16.96,https://placeholder.url,60.7
234,Community,,"41.053497, -89.079473",MockSource,Community,USD,17.31,https://placeholder.url,64.39
51,Charity,,"0.831165, 31.18637",MockSource,Charity,USD,1.26,https://placeholder.url,75.1
547,Exhibitions,,"-13.393725, -79.438557",MockSource,Exhibitions,USD,6.39,https://placeholder.url,30.59
522,Community,,"44.735418, -99.556672",MockSource,Community,USD,19.81,https://placeholder.url,85.77
789,Outdoors,,"39.36928, -174.622184",MockSource,Outdoors,USD,4.33,https://placeholder.url,42.39
531,Film,,"10.761659, -94.570899",MockSource,Film,USD,12.1,https://placeholder.url,69.67
838,Virtual,,"48.897698, -34.270411",MockSource,Virtual,USD,16.98,https://placeholder.url,87.93
585,Wellness,,"5.057888, 8.944506",MockSource,Wellness,USD,12.95,https://placeholder.url,66.96
593,Networking,,"40.136723, 59.728",MockSource,Networking,USD,118.94,https://placeholder.url,61.84
384,Pets,,"25.165246, 103.245698",MockSource,Pets,USD,9.23,https://placeholder.url,97.02
623,Gaming,,"-13.876639, -28.625147",MockSource,Gaming,USD,16.29,https://placeholder.url,72.73
749,Holiday,,"75.289504, -161.531207",MockSource,Holiday,USD,9.41,https://placeholder.url,64.06
617,Workshops,,"23.170009, 42.678631",MockSource,Workshops,USD,17.42,https://placeholder.url,53.99
506,Charity,,"-37.635209, 26.903396",MockSource,Charity,USD,18.29,https://placeholder.url,65.24
746,Community,,"-17.749666, -171.529524",MockSource,Community,USD,3.24,https://placeholder.url,43.21
889,Family,,"-12.358881, 95.805025",MockSource,Family,USD,21.6,https://placeholder.url,41.87
579,Networking,,"4.00788, 171.456536",MockSource,Networking,USD,109.51,https://placeholder.url,68.04
545,Charity,,"-13.96943, 138.719849",MockSource,Charity,USD,0.84,https://placeholder.url,40.6
763,Holiday,,"56.561635, -30.807938",MockSource,Holiday,USD,20.17,https://placeholder.url,43.04
125,Workshops,,"5.06428, -73.302991",MockSource,Workshops,USD,10.08,https://placeholder.url,53.6
221,Charity,,"36.348203, -175.712669",MockSource,Charity,USD,12.71,https://placeholder.url,40.31
589,Film,,"47.530929, -103.902249",MockSource,Film,USD,11.28,https://placeholder.url,76.69
379,Pets,,"-46.917707, 143.937439",MockSource,Pets,USD,21.03,https://placeholder.url,90.22
684,Music,,"-71.479844, 143.694935",MockSource,Music,USD,106.69,https://placeholder.url,95.83
675,Community,,"-4.078458, -52.105857",MockSource,Community,USD,0.61,https://placeholder.url,47.63
650,Holiday,,"-23.085957, 67.332687",MockSource,Holiday,USD,10.93,https://placeholder.url,49.58
516,Sports,,"-56.84058, 29.517641",MockSource,Sports,USD,155.38,https://placeholder.url,22.01
526,Conferences,,"25.519677, -179.114334",MockSource,Conferences,USD,468.47,https://placeholder.url,93.22
607,Conferences,,"88.601465, 95.257023",MockSource,Conferences,USD,327.43,https://placeholder.url,38.58
823,Sports,,"55.782439, 103.923255",MockSource,Sports,USD,138.32,https://placeholder.url,50.54
210,Networking,,"74.505819, -51.775298",MockSource,Networking,USD,133.65,https://placeholder.url,52.46
594,Music,,"60.214206, 41.421079",MockSource,Music,USD,137.27,https://placeholder.url,95.76
574,Sports,,"34.095443, 159.26278",MockSource,Sports,USD,141.65,https://placeholder.url,31.0
555,Conferences,,"-61.888452, -11.939041",MockSource,Conferences,USD,148.07,https://placeholder.url,32.71
487,Theater,,"-82.74029, 65.497654",MockSource,Theater,USD,145.13,https://placeholder.url,57.0
76,Music,,"48.382343, 9.075099",MockSource,Music,USD,133.3,https://placeholder.url,50.19
803,Theater,,"-31.097714, 109.54621",MockSource,Theater,USD,147.39,https://placeholder.url,82.99
896,Networking,,"-42.514191, 37.005882",MockSource,Networking,USD,137.6,https://placeholder.url,30.78
222,Conferences,,"31.144809, -60.448644",MockSource,Conferences,USD,469.91,https://placeholder.url,79.13
767,Conferences,,"53.052927, 98.459053",MockSource,Conferences,USD,374.95,https://placeholder.url,30.98
653,Sports,,"39.894924, 134.660738",MockSource,Sports,USD,190.03,https://placeholder.url,66.61
174,Conferences,,"-45.815171, 133.433331",MockSource,Conferences,USD,317.12,https://placeholder.url,55.29
215,Sports,,"-43.056266, 11.134242",MockSource,Sports,USD,181.9,https://placeholder.url,52.08
804,Sports,,"71.807774, 78.335109",MockSource,Sports,USD,213.18,https://placeholder.url,38.78
317,Conferences,,"-25.966106, -123.890356",MockSource,Conferences,USD,216.7,https://placeholder.url,33.99
81,Sports,,"-45.980918, 155.267949",MockSource,Sports,USD,212.33,https://placeholder.url,52.15
536,Conferences,,"-42.071386, -16.378471",MockSource,Conferences,USD,303.72,https://placeholder.url,50.75
621,Conferences,,"1.798156, 61.561926",MockSource,Conferences,USD,403.46,https://placeholder.url,79.27
378,Sports,,"54.83022, 127.238802",MockSource,Sports,USD,244.67,https://placeholder.url,70.81
204,Sports,,"87.392046, 134.401277",MockSource,Sports,USD,192.51,https://placeholder.url,55.25
184,Sports,,"64.011139, -103.960068",MockSource,Sports,USD,220.48,https://placeholder.url,45.74
367,Conferences,,"-19.794416, -48.414251",MockSource,Conferences,USD,284.57,https://placeholder.url,47.74
197,Conferences,,"-57.563331, -176.461319",MockSource,Conferences,USD,189.5,https://placeholder.url,54.49
195,Conferences,,"22.534289, 37.355912",MockSource,Conferences,USD,407.0,https://placeholder.url,79.05
